extract	item_id	status	detail
2026-08-04_1130_wagertech-jumpr-weekly-sync__1uimd4HPe40Rzv1almUeCtav79O7shBM-zrcISYEmml4.json	2026-08-04-1130-05	QUOTE_NOT_FOUND	Kobi Kunasekaran: ... So, is this something that's necessary for phase one or do we leave it out for now ... / Emily Vandenberg: ... we're n
2026-08-04_1130_wagertech-jumpr-weekly-sync__1uimd4HPe40Rzv1almUeCtav79O7shBM-zrcISYEmml4.json	2026-08-04-1130-06	QUOTE_NOT_FOUND	Joyce Kiddell: I would rather treat payouts as like you know how we're moving to redeposits and then we're going to move to payouts / Joyce 
2026-08-04_1130_wagertech-jumpr-weekly-sync__1uimd4HPe40Rzv1almUeCtav79O7shBM-zrcISYEmml4.json	2026-08-04-1130-07	QUOTE_NOT_FOUND	Emily Vandenberg: ... do we want to like even be able to like kind of upload what has been paid so that we like once we launch we kind of ha
2026-08-04_1130_wagertech-jumpr-weekly-sync__1uimd4HPe40Rzv1almUeCtav79O7shBM-zrcISYEmml4.json	2026-08-04-1130-08	QUOTE_NOT_FOUND	Lina Ceniccola: The only thing I would think to add would be a potential field on the signup record to say like payment sent ... / Joyce Kid
2026-08-04_1130_wagertech-jumpr-weekly-sync__1uimd4HPe40Rzv1almUeCtav79O7shBM-zrcISYEmml4.json	2026-08-04-1130-09	QUOTE_NOT_FOUND	Joyce Kiddell: ... and then we definitely just need to have like I think a bigger solutioning meeting around like how we're handling the pay
2026-08-04_1130_wagertech-jumpr-weekly-sync__1uimd4HPe40Rzv1almUeCtav79O7shBM-zrcISYEmml4.json	2026-08-04-1130-10	QUOTE_NOT_FOUND	Lina Ceniccola: ... And then rate deposits are kind of a different thing when it comes to payouts ... / Lina Ceniccola: like that would be a
2026-08-04_1130_wagertech-jumpr-weekly-sync__1uimd4HPe40Rzv1almUeCtav79O7shBM-zrcISYEmml4.json	2026-08-04-1130-13	QUOTE_NOT_FOUND	Kobi Kunasekaran: ... I'll have to go through the rest of the feedback and I can get back to you on those uh afterwards, Emily. ... / Kobi K
2026-08-04_1130_wagertech-jumpr-weekly-sync__1uimd4HPe40Rzv1almUeCtav79O7shBM-zrcISYEmml4.json	2026-08-04-1130-19	QUOTE_NOT_FOUND	Kobi Kunasekaran: ... they go into Salesforce create the deal record ... / Kobi Kunasekaran: all like pending how you configure your API end
2026-08-04_1130_wagertech-jumpr-weekly-sync__1uimd4HPe40Rzv1almUeCtav79O7shBM-zrcISYEmml4.json	2026-08-04-1130-21	QUOTE_NOT_FOUND	Kobi Kunasekaran: is a pretty big build that we're adding uh in addition to like the payouts objects and everything that we had queued up ri
2026-08-04_1130_wagertech-jumpr-weekly-sync__1uimd4HPe40Rzv1almUeCtav79O7shBM-zrcISYEmml4.json	2026-08-04-1130-24	QUOTE_NOT_FOUND	Joyce Kiddell: ... Like where I'm getting tripped up is on the CMS side. It's actually tied to external systems ... / Joyce Kiddell: then it
2026-08-04_1130_wagertech-jumpr-weekly-sync__1uimd4HPe40Rzv1almUeCtav79O7shBM-zrcISYEmml4.json	2026-08-04-1130-25	QUOTE_NOT_FOUND	Kobi Kunasekaran: ... could we not have an API endpoint to do the link assignment and activation ... / Joyce Kiddell: serves. Uh yeah, I thi
2026-08-04_1130_wagertech-jumpr-weekly-sync__1uimd4HPe40Rzv1almUeCtav79O7shBM-zrcISYEmml4.json	2026-08-04-1130-27	QUOTE_NOT_FOUND	Kobi Kunasekaran: ... I can start building out the I think I mentioned this in the talk already but the whole uh the link object and everyth
2026-08-04_1130_wagertech-jumpr-weekly-sync__1uimd4HPe40Rzv1almUeCtav79O7shBM-zrcISYEmml4.json	2026-08-04-1130-28	QUOTE_NOT_FOUND	Emily Vandenberg: ... we know we're not we're not hitting August 15th. ... / Kobi Kunasekaran: Yeah, I think like as long as we're aligned t
2026-08-04_1130_wagertech-jumpr-weekly-sync__1uimd4HPe40Rzv1almUeCtav79O7shBM-zrcISYEmml4.json	2026-08-04-1130-30	QUOTE_NOT_FOUND	Emily Vandenberg: ... we need to like land a few things on the agency site CMS this week as well ... / Emily Vandenberg: the CMS and the web
2026-08-04_1130_wagertech-jumpr-weekly-sync__1uimd4HPe40Rzv1almUeCtav79O7shBM-zrcISYEmml4.json	2026-08-04-1130-31	QUOTE_NOT_FOUND	Waleed Alasadi: ... So I'm wondering if there's a world where like we are able to get the users your your like sales reps into Salesforce ma
2026-08-04_1130_wagertech-jumpr-weekly-sync__1uimd4HPe40Rzv1almUeCtav79O7shBM-zrcISYEmml4.json	2026-08-04-1130-34	QUOTE_NOT_FOUND	Kobi Kunasekaran: ... we talked about having Salesforce send the operator and partner IDs to CMS as well, so that you have the external IDs 
2026-08-04_1130_wagertech-jumpr-weekly-sync__1uimd4HPe40Rzv1almUeCtav79O7shBM-zrcISYEmml4.json	2026-08-04-1130-35	QUOTE_NOT_FOUND	Kobi Kunasekaran: ... what we won't necessarily have is those signups linking back to deals unless we decide on an interim process to create
2026-08-04_1130_wagertech-jumpr-weekly-sync__1uimd4HPe40Rzv1almUeCtav79O7shBM-zrcISYEmml4.json	2026-08-04-1130-38	QUOTE_NOT_FOUND	Kobi Kunasekaran: ... in the signup records we have these three link fields um where right now you can paste in the links and this will uh c
2026-08-04_1130_wagertech-jumpr-weekly-sync__1uimd4HPe40Rzv1almUeCtav79O7shBM-zrcISYEmml4.json	2026-08-04-1130-40	QUOTE_NOT_FOUND	Kobi Kunasekaran: ... we're not doing any uh any development on the Google Cloud side of things for this, right? ... / Kobi Kunasekaran: we'
2026-08-04_1130_wagertech-jumpr-weekly-sync__1uimd4HPe40Rzv1almUeCtav79O7shBM-zrcISYEmml4.json	2026-08-04-1130-42	QUOTE_NOT_FOUND	Waleed Alasadi: ... if like Kobe and team are able to structure the files or give you tags within the file and you kind of put in the logic 
2026-08-04_1130_wagertech-jumpr-weekly-sync__1uimd4HPe40Rzv1almUeCtav79O7shBM-zrcISYEmml4.json	2026-08-04-1130-44	QUOTE_NOT_FOUND	Kobi Kunasekaran: Okay, let me check our our resourcing on our side too. ... / Kobi Kunasekaran: ... But if the CMS integration isn't going 
2026-08-04_1130_wagertech-jumpr-weekly-sync__1uimd4HPe40Rzv1almUeCtav79O7shBM-zrcISYEmml4.json	2026-08-04-1130-46	QUOTE_NOT_FOUND	Joyce Kiddell: ... Because if you were waiting on us for like the deal stuff ... / Joyce Kiddell: like we're going to have this figured out 
2026-08-04_1130_wagertech-jumpr-weekly-sync__1uimd4HPe40Rzv1almUeCtav79O7shBM-zrcISYEmml4.json	2026-08-04-1130-48	QUOTE_NOT_FOUND	Joyce Kiddell: ... is that scoped anywhere in here? / Kobi Kunasekaran: We're not doing any compression ... / Joyce Kiddell: like files them
2026-08-04_1130_wagertech-jumpr-weekly-sync__1uimd4HPe40Rzv1almUeCtav79O7shBM-zrcISYEmml4.json	2026-08-04-1130-52	QUOTE_NOT_FOUND	Kobi Kunasekaran: ... ultimately what we're using is not the actual like cloud platform itself, it's still Google Drive ... / Kobi Kunasekar
2026-08-04_1130_wagertech-jumpr-weekly-sync__1uimd4HPe40Rzv1almUeCtav79O7shBM-zrcISYEmml4.json	2026-08-04-1130-54	QUOTE_NOT_FOUND	Joyce Kiddell: ... So, we have another vendor who's building a um a fraud tool for us specific to the welcome email stage. ... / Joyce Kidde
2026-08-11_1130_wagertech-jumpr-weekly-sync__1Qw_rUiBDniWRNlPQ1St7C7VbJ5rCPriZCrMoUeCHGV8.json	2026-08-11-1130-01	QUOTE_NOT_FOUND	Joyce Kiddell: do we have a brand ambassador record yet? Like a screen I could look at? / Kobi Kunasekaran: a brand ambassador screen. Um li
2026-08-11_1130_wagertech-jumpr-weekly-sync__1Qw_rUiBDniWRNlPQ1St7C7VbJ5rCPriZCrMoUeCHGV8.json	2026-08-11-1130-04	QUOTE_NOT_FOUND	Kobi Kunasekaran: ... they're technically contacts in Salesforce or person accounts ... / Kobi Kunasekaran: they will be separate. ... / Kob
2026-08-11_1130_wagertech-jumpr-weekly-sync__1Qw_rUiBDniWRNlPQ1St7C7VbJ5rCPriZCrMoUeCHGV8.json	2026-08-11-1130-05	QUOTE_NOT_FOUND	Kobi Kunasekaran: ... I did take a look at the uh survey completion for the test integration that uh uh Strad did and it looks like it did c
2026-08-11_1130_wagertech-jumpr-weekly-sync__1Qw_rUiBDniWRNlPQ1St7C7VbJ5rCPriZCrMoUeCHGV8.json	2026-08-11-1130-07	QUOTE_NOT_FOUND	Kobi Kunasekaran: So they get bonus based on the uh signup count. So in order for that type like we don't have that logic implemented right 
2026-08-11_1130_wagertech-jumpr-weekly-sync__1Qw_rUiBDniWRNlPQ1St7C7VbJ5rCPriZCrMoUeCHGV8.json	2026-08-11-1130-08	QUOTE_NOT_FOUND	Joyce Kiddell: we don't have historical level signups in Air Table. ... / Joyce Kiddell: ... I feel like that's a bit of something that we s
2026-08-11_1130_wagertech-jumpr-weekly-sync__1Qw_rUiBDniWRNlPQ1St7C7VbJ5rCPriZCrMoUeCHGV8.json	2026-08-11-1130-09	QUOTE_NOT_FOUND	Joyce Kiddell: ... in order to import historical signups, we need like a version of that deal somewhere in the system. ... / Kobi Kunasekara
2026-08-11_1130_wagertech-jumpr-weekly-sync__1Qw_rUiBDniWRNlPQ1St7C7VbJ5rCPriZCrMoUeCHGV8.json	2026-08-11-1130-11	QUOTE_NOT_FOUND	Joyce Kiddell: ... it makes sense to just bring in all of the inactive deals and operators and stuff too, but if we can in the UI just make 
2026-08-11_1130_wagertech-jumpr-weekly-sync__1Qw_rUiBDniWRNlPQ1St7C7VbJ5rCPriZCrMoUeCHGV8.json	2026-08-11-1130-12	QUOTE_NOT_FOUND	Kobi Kunasekaran: ... We could add another status that'll like help hide it away if if that'll be helpful. / Joyce Kiddell: Yeah. / Kobi Kun
2026-08-11_1130_wagertech-jumpr-weekly-sync__1Qw_rUiBDniWRNlPQ1St7C7VbJ5rCPriZCrMoUeCHGV8.json	2026-08-11-1130-13	QUOTE_NOT_FOUND	Kobi Kunasekaran: ... We need the list of operators and partners uh along with whatever external ID is being used in the CMS so that we can 
2026-08-11_1130_wagertech-jumpr-weekly-sync__1Qw_rUiBDniWRNlPQ1St7C7VbJ5rCPriZCrMoUeCHGV8.json	2026-08-11-1130-18	QUOTE_NOT_FOUND	Joyce Kiddell: ... there's no UI or functionality in / Joyce Kiddell: the CMS that would enable creation of operators. / Emily Vandenberg: t
2026-08-11_1130_wagertech-jumpr-weekly-sync__1Qw_rUiBDniWRNlPQ1St7C7VbJ5rCPriZCrMoUeCHGV8.json	2026-08-11-1130-20	QUOTE_NOT_FOUND	Kobi Kunasekaran: Right. Yeah. I guess in the in a in a future world like Salesforce is sending like we're creating the deal in Salesforce. 
2026-08-11_1130_wagertech-jumpr-weekly-sync__1Qw_rUiBDniWRNlPQ1St7C7VbJ5rCPriZCrMoUeCHGV8.json	2026-08-11-1130-21	QUOTE_NOT_FOUND	Kobi Kunasekaran: ... the deal record on the CMS side has the information that's needed um which would be the operator name uh or and or the
2026-08-11_1130_wagertech-jumpr-weekly-sync__1Qw_rUiBDniWRNlPQ1St7C7VbJ5rCPriZCrMoUeCHGV8.json	2026-08-11-1130-27	QUOTE_NOT_FOUND	Kobi Kunasekaran: ... I don't think we need to solve for all of the data migration questions now um because that's still kind of in flux ...
2026-08-11_1130_wagertech-jumpr-weekly-sync__1Qw_rUiBDniWRNlPQ1St7C7VbJ5rCPriZCrMoUeCHGV8.json	2026-08-11-1130-28	QUOTE_NOT_FOUND	Joyce Kiddell: ... the idea of importing deal assignments from um air table which I know we'll need to do for like this initial test but um 
2026-08-11_1130_wagertech-jumpr-weekly-sync__1Qw_rUiBDniWRNlPQ1St7C7VbJ5rCPriZCrMoUeCHGV8.json	2026-08-11-1130-31	QUOTE_NOT_FOUND	Kobi Kunasekaran: ... They just work off of the deals that are assigned to them uh through the deal rep assignment record page. ... / Kobi K
2026-08-11_1130_wagertech-jumpr-weekly-sync__1Qw_rUiBDniWRNlPQ1St7C7VbJ5rCPriZCrMoUeCHGV8.json	2026-08-11-1130-33	QUOTE_NOT_FOUND	Joyce Kiddell: Okay. So I think there were some other fields in here from our initial mockup around like deposit range and / Kobi Kunasekara
2026-08-11_1130_wagertech-jumpr-weekly-sync__1Qw_rUiBDniWRNlPQ1St7C7VbJ5rCPriZCrMoUeCHGV8.json	2026-08-11-1130-36	QUOTE_NOT_FOUND	Kobi Kunasekaran: ... So I did do like the short code. Um so with the state and country um we've combined it ... / Kobi Kunasekaran: ... for
2026-08-11_1130_wagertech-jumpr-weekly-sync__1Qw_rUiBDniWRNlPQ1St7C7VbJ5rCPriZCrMoUeCHGV8.json	2026-08-11-1130-38	QUOTE_NOT_FOUND	Emily Vandenberg: ... are we okay to um put into like the rep facing views the like kind of partner code CTM CGD on the kind of like global 
2026-08-11_1130_wagertech-jumpr-weekly-sync__1Qw_rUiBDniWRNlPQ1St7C7VbJ5rCPriZCrMoUeCHGV8.json	2026-08-11-1130-39	QUOTE_NOT_FOUND	Kobi Kunasekaran: ... Do we want the vertical added in here or is this fine like with the state and if it's multi-state the country and then
2026-08-11_1130_wagertech-jumpr-weekly-sync__1Qw_rUiBDniWRNlPQ1St7C7VbJ5rCPriZCrMoUeCHGV8.json	2026-08-11-1130-43	QUOTE_NOT_FOUND	Joyce Kiddell: ... are you able to just make all the changes in terms of like which columns are surfaced in like the list view? / Kobi Kunas
2026-08-11_1130_wagertech-jumpr-weekly-sync__1Qw_rUiBDniWRNlPQ1St7C7VbJ5rCPriZCrMoUeCHGV8.json	2026-08-11-1130-45	QUOTE_NOT_FOUND	Joyce Kiddell: ... so like owner and deal version, I was thinking that we would just have it under like additional details. ... / Kobi Kunas
2026-08-11_1130_wagertech-jumpr-weekly-sync__1Qw_rUiBDniWRNlPQ1St7C7VbJ5rCPriZCrMoUeCHGV8.json	2026-08-11-1130-48	QUOTE_NOT_FOUND	Joyce Kiddell: ... So it would either be like um zero if it's unlimited and then like we can specify like the the number if there is a cap b
2026-08-11_1130_wagertech-jumpr-weekly-sync__1Qw_rUiBDniWRNlPQ1St7C7VbJ5rCPriZCrMoUeCHGV8.json	2026-08-11-1130-51	QUOTE_NOT_FOUND	Joyce Kiddell: ... And then the links, this would be like, you know, something that like we configure on your end, right? Um or on the Sales
2026-08-11_1130_wagertech-jumpr-weekly-sync__1Qw_rUiBDniWRNlPQ1St7C7VbJ5rCPriZCrMoUeCHGV8.json	2026-08-11-1130-54	QUOTE_NOT_FOUND	Kobi Kunasekaran: ... we can enable something called field history tracking that'll track like uh whatever fields that we enable. ... / Joyc
2026-08-11_1130_wagertech-jumpr-weekly-sync__1Qw_rUiBDniWRNlPQ1St7C7VbJ5rCPriZCrMoUeCHGV8.json	2026-08-11-1130-56	QUOTE_NOT_FOUND	Kobi Kunasekaran: ... I did send out the video of the changes that were made on the signup object. ... / Emily Vandenberg: there's a few thi
2026-08-11_1130_wagertech-jumpr-weekly-sync__1Qw_rUiBDniWRNlPQ1St7C7VbJ5rCPriZCrMoUeCHGV8.json	2026-08-11-1130-58	QUOTE_NOT_FOUND	Emily Vandenberg: ... we will have kind of to start at least two kind of like lower volume reps if you will that we'll push into a kind of l
2026-08-11_1130_wagertech-jumpr-weekly-sync__1Qw_rUiBDniWRNlPQ1St7C7VbJ5rCPriZCrMoUeCHGV8.json	2026-08-11-1130-66	QUOTE_NOT_FOUND	Lina Ceniccola: Joyce, could you add that to our doc? ... / Joyce Kiddell: Yes. ...
2026-08-11_1130_wagertech-jumpr-weekly-sync__1Qw_rUiBDniWRNlPQ1St7C7VbJ5rCPriZCrMoUeCHGV8.json	2026-08-11-1130-70	QUOTE_NOT_FOUND	Emily Vandenberg: ... as stuff comes in, let's like just book quick kind of syncs ... / Kobi Kunasekaran: Yeah. / Emily Vandenberg: ... But 
2026-08-13_1501_wagertech-jumpr-60-min-joyce-kiddell__1jcr9oC55uUZqovDGyI_odU0PSFQdavpADjF3c_R443s.json	2026-08-13-1501-03	QUOTE_NOT_FOUND	Kobi Kunasekaran: So this is a field on the deal object um which just those drop down / Emily Vandenberg: sorry. / Kobi Kunasekaran: values.
2026-08-13_1501_wagertech-jumpr-60-min-joyce-kiddell__1jcr9oC55uUZqovDGyI_odU0PSFQdavpADjF3c_R443s.json	2026-08-13-1501-08	QUOTE_NOT_FOUND	Joyce Kiddell: Yeah. Let let me get you an actual / ... / Joyce Kiddell: list.
2026-08-13_1501_wagertech-jumpr-60-min-joyce-kiddell__1jcr9oC55uUZqovDGyI_odU0PSFQdavpADjF3c_R443s.json	2026-08-13-1501-10	QUOTE_NOT_FOUND	Kobi Kunasekaran: Oh, correct. Okay. Um, so would like should we have a partner type that's direct as well? / ... / Joyce Kiddell: Okay. So 
2026-08-13_1501_wagertech-jumpr-60-min-joyce-kiddell__1jcr9oC55uUZqovDGyI_odU0PSFQdavpADjF3c_R443s.json	2026-08-13-1501-12	QUOTE_NOT_FOUND	Joyce Kiddell: so status, this one I was thinking could be like inferred by the deals. So if they have like a deal that's active, then their
2026-08-13_1501_wagertech-jumpr-60-min-joyce-kiddell__1jcr9oC55uUZqovDGyI_odU0PSFQdavpADjF3c_R443s.json	2026-08-13-1501-15	QUOTE_NOT_FOUND	Emily Vandenberg: Do we logo at the partner level? Do we / Joyce Kiddell: No. If it's a pain in the ass to upload, / Emily Vandenberg: care?
2026-08-13_1501_wagertech-jumpr-60-min-joyce-kiddell__1jcr9oC55uUZqovDGyI_odU0PSFQdavpADjF3c_R443s.json	2026-08-13-1501-17	QUOTE_NOT_FOUND	Joyce Kiddell: Yeah. No, I the lookup fields is probably all we need like because we have a section for partner details. / ... / Kobi Kunase
2026-08-13_1501_wagertech-jumpr-60-min-joyce-kiddell__1jcr9oC55uUZqovDGyI_odU0PSFQdavpADjF3c_R443s.json	2026-08-13-1501-19	QUOTE_NOT_FOUND	Joyce Kiddell: And then this piece is just a big text fields like and like there's a lot of nuances when we work with partners. / ... / Joyc
2026-08-13_1501_wagertech-jumpr-60-min-joyce-kiddell__1jcr9oC55uUZqovDGyI_odU0PSFQdavpADjF3c_R443s.json	2026-08-13-1501-20	QUOTE_NOT_FOUND	Joyce Kiddell: Um if it's a uh like if we specify billing relationship via partner then they would have the partner show up. uh it's not cli
2026-08-13_1501_wagertech-jumpr-60-min-joyce-kiddell__1jcr9oC55uUZqovDGyI_odU0PSFQdavpADjF3c_R443s.json	2026-08-13-1501-21	QUOTE_NOT_FOUND	Lina Ceniccola: Do what part of the billing like the payment and stuff / Kobi Kunasekaran: right. / Joyce Kiddell: like yeah payment terms. 
2026-08-13_1501_wagertech-jumpr-60-min-joyce-kiddell__1jcr9oC55uUZqovDGyI_odU0PSFQdavpADjF3c_R443s.json	2026-08-13-1501-23	QUOTE_NOT_FOUND	Joyce Kiddell: let's talk through that. Um, so entity, contact, email, all just free form text, / Kobi Kunasekaran: Yeah. / Joyce Kiddell: r
2026-08-13_1501_wagertech-jumpr-60-min-joyce-kiddell__1jcr9oC55uUZqovDGyI_odU0PSFQdavpADjF3c_R443s.json	2026-08-13-1501-24	QUOTE_NOT_FOUND	Lina Ceniccola: we have like net 7. net 30, net 45. How hard would it be if like something I else came up that we wanted to / Kobi Kunasekar
2026-08-13_1501_wagertech-jumpr-60-min-joyce-kiddell__1jcr9oC55uUZqovDGyI_odU0PSFQdavpADjF3c_R443s.json	2026-08-13-1501-26	QUOTE_NOT_FOUND	Lina Ceniccola: Yeah. I just because like sometimes we get invoiced for a particular / ... / Lina Ceniccola: deal. So that's what I thought 
2026-08-13_1501_wagertech-jumpr-60-min-joyce-kiddell__1jcr9oC55uUZqovDGyI_odU0PSFQdavpADjF3c_R443s.json	2026-08-13-1501-27	QUOTE_NOT_FOUND	Kobi Kunasekaran: Yeah. We would just use the standard currency field for this. / ... / Joyce Kiddell: okay. And then PL required just a yes
2026-08-13_1501_wagertech-jumpr-60-min-joyce-kiddell__1jcr9oC55uUZqovDGyI_odU0PSFQdavpADjF3c_R443s.json	2026-08-13-1501-31	QUOTE_NOT_FOUND	Joyce Kiddell: I think um correct me if I'm wrong, but I feel like we kind of have to just like if a signup is complete, we count it against
2026-08-13_1501_wagertech-jumpr-60-min-joyce-kiddell__1jcr9oC55uUZqovDGyI_odU0PSFQdavpADjF3c_R443s.json	2026-08-13-1501-34	QUOTE_NOT_FOUND	Joyce Kiddell: Is this something that we can maybe leave with you to take / ... / Kobi Kunasekaran: maybe send me the spreadsheet and I'll I
2026-08-13_1501_wagertech-jumpr-60-min-joyce-kiddell__1jcr9oC55uUZqovDGyI_odU0PSFQdavpADjF3c_R443s.json	2026-08-13-1501-35	QUOTE_NOT_FOUND	Lina Ceniccola: I would leave that as something that could / Joyce Kiddell: Okay. Like configure / Kobi Kunasekaran: exclusions from a deal 
2026-08-13_1501_wagertech-jumpr-60-min-joyce-kiddell__1jcr9oC55uUZqovDGyI_odU0PSFQdavpADjF3c_R443s.json	2026-08-13-1501-37	QUOTE_NOT_FOUND	Kobi Kunasekaran: No, I I wouldn't do separate sections because that's not scalable, / ... / Kobi Kunasekaran: right? Like what if you have 
2026-08-13_1501_wagertech-jumpr-60-min-joyce-kiddell__1jcr9oC55uUZqovDGyI_odU0PSFQdavpADjF3c_R443s.json	2026-08-13-1501-39	QUOTE_NOT_FOUND	Joyce Kiddell: that I don't even know why active status is down there. So, I would remove that. / ... / Kobi Kunasekaran: Um and then for pa
2026-08-13_1501_wagertech-jumpr-60-min-joyce-kiddell__1jcr9oC55uUZqovDGyI_odU0PSFQdavpADjF3c_R443s.json	2026-08-13-1501-40	QUOTE_NOT_FOUND	Kobi Kunasekaran: Okay. Some of those like behind the scenes stuff we can put it in a different tab. Like I I'd recommend that over like a s
2026-08-13_1501_wagertech-jumpr-60-min-joyce-kiddell__1jcr9oC55uUZqovDGyI_odU0PSFQdavpADjF3c_R443s.json	2026-08-13-1501-41	QUOTE_NOT_FOUND	Emily Vandenberg: we also push this feature out to like after like as like a / Joyce Kiddell: Yeah. / Emily Vandenberg: launch? / ... / Joyc
2026-08-13_1501_wagertech-jumpr-60-min-joyce-kiddell__1jcr9oC55uUZqovDGyI_odU0PSFQdavpADjF3c_R443s.json	2026-08-13-1501-42	QUOTE_NOT_FOUND	Kobi Kunasekaran: I would say like we we the suspend button drives the deal statuses in Salesforce and that would update uh CMS. That'd be t
2026-08-13_1501_wagertech-jumpr-60-min-joyce-kiddell__1jcr9oC55uUZqovDGyI_odU0PSFQdavpADjF3c_R443s.json	2026-08-13-1501-46	QUOTE_NOT_FOUND	Joyce Kiddell: Even even with like partner that could be the same case like just infer status based off deals / Kobi Kunasekaran: right / Jo
2026-08-13_1501_wagertech-jumpr-60-min-joyce-kiddell__1jcr9oC55uUZqovDGyI_odU0PSFQdavpADjF3c_R443s.json	2026-08-13-1501-47	QUOTE_NOT_FOUND	Emily Vandenberg: But that also needs to live at the deal / ... / Kobi Kunasekaran: We don't have this on a deal right now, / ... / Joyce Ki
2026-08-13_1501_wagertech-jumpr-60-min-joyce-kiddell__1jcr9oC55uUZqovDGyI_odU0PSFQdavpADjF3c_R443s.json	2026-08-13-1501-48	QUOTE_NOT_FOUND	Joyce Kiddell: Okay. Um and then tracking benchmark. / ... / Kobi Kunasekaran: Okay. So, it's just going to be a percentage field for now. /
2026-08-13_1501_wagertech-jumpr-60-min-joyce-kiddell__1jcr9oC55uUZqovDGyI_odU0PSFQdavpADjF3c_R443s.json	2026-08-13-1501-50	QUOTE_NOT_FOUND	Joyce Kiddell: but if the relationship is direct then we should also have the same agreement information on operators that we did on partner
2026-08-13_1501_wagertech-jumpr-60-min-joyce-kiddell__1jcr9oC55uUZqovDGyI_odU0PSFQdavpADjF3c_R443s.json	2026-08-13-1501-51	QUOTE_NOT_FOUND	Kobi Kunasekaran: So you probably won't have any files. I mean it doesn't hurt to have a file section for the operator anyways. / ... / Kobi
2026-08-13_1501_wagertech-jumpr-60-min-joyce-kiddell__1jcr9oC55uUZqovDGyI_odU0PSFQdavpADjF3c_R443s.json	2026-08-13-1501-52	QUOTE_NOT_FOUND	Kobi Kunasekaran: There may be some like pickless fields that may need some additional values, but it sounds like we'll start with whatever 
2026-08-13_1501_wagertech-jumpr-60-min-joyce-kiddell__1jcr9oC55uUZqovDGyI_odU0PSFQdavpADjF3c_R443s.json	2026-08-13-1501-55	QUOTE_NOT_FOUND	Emily Vandenberg: are we going to send to the CMS from like at the partner operator level or at deal level. / ... / Joyce Kiddell: Yeah, I t
2026-08-13_1501_wagertech-jumpr-60-min-joyce-kiddell__1jcr9oC55uUZqovDGyI_odU0PSFQdavpADjF3c_R443s.json	2026-08-13-1501-56	QUOTE_NOT_FOUND	Kobi Kunasekaran: You only need like the name, the external ID, enough to map it to the deal and deal rep. uh and like the study link links 
2026-08-13_1501_wagertech-jumpr-60-min-joyce-kiddell__1jcr9oC55uUZqovDGyI_odU0PSFQdavpADjF3c_R443s.json	2026-08-13-1501-57	QUOTE_NOT_FOUND	Joyce Kiddell: I I took a quick look at your IDs. Like they all look fine to me. / ... / Kobi Kunasekaran: I think the previous iteration we
2026-08-13_1501_wagertech-jumpr-60-min-joyce-kiddell__1jcr9oC55uUZqovDGyI_odU0PSFQdavpADjF3c_R443s.json	2026-08-13-1501-61	QUOTE_NOT_FOUND	Kobi Kunasekaran: I don't know if you if we're ready for that or if that's still in progress on your side like the CMS API / Emily Vandenber
2026-08-13_1501_wagertech-jumpr-60-min-joyce-kiddell__1jcr9oC55uUZqovDGyI_odU0PSFQdavpADjF3c_R443s.json	2026-08-13-1501-63	QUOTE_NOT_FOUND	Kobi Kunasekaran: What we don't have is like we're not creating anything like anything any deals and deal assignments or anything that we cr
2026-08-13_1501_wagertech-jumpr-60-min-joyce-kiddell__1jcr9oC55uUZqovDGyI_odU0PSFQdavpADjF3c_R443s.json	2026-08-13-1501-64	QUOTE_NOT_FOUND	Joyce Kiddell: And do you know what you need from the API endpoint or do I need to document / ... / Kobi Kunasekaran: for the API endpoint, 
2026-08-13_1501_wagertech-jumpr-60-min-joyce-kiddell__1jcr9oC55uUZqovDGyI_odU0PSFQdavpADjF3c_R443s.json	2026-08-13-1501-67	QUOTE_NOT_FOUND	Joyce Kiddell: you have all the feedback in terms of what we want in Salesforce. Okay. Including the new source fields and then there are a 
2026-08-13_1501_wagertech-jumpr-60-min-joyce-kiddell__1jcr9oC55uUZqovDGyI_odU0PSFQdavpADjF3c_R443s.json	2026-08-13-1501-68	QUOTE_NOT_FOUND	Joyce Kiddell: Um and then I have to be specific now and give you what / ... / Joyce Kiddell: um fields from the overall deal view we need i
2026-08-13_1501_wagertech-jumpr-60-min-joyce-kiddell__1jcr9oC55uUZqovDGyI_odU0PSFQdavpADjF3c_R443s.json	2026-08-13-1501-70	QUOTE_NOT_FOUND	Emily Vandenberg: Okay, perfect because we haven't really validated that list / Kobi Kunasekaran: Correct. Yeah, we can always change it. Li
2026-08-13_1501_wagertech-jumpr-60-min-joyce-kiddell__1jcr9oC55uUZqovDGyI_odU0PSFQdavpADjF3c_R443s.json	2026-08-13-1501-71	QUOTE_NOT_FOUND	Joyce Kiddell: Okay. All right. I got to bounce to another meeting. Um but uh wait, sorry. Monday afternoon. Um do you want to do 2 p.m.? / 
2026-09-01_1000_wagertech-internal-sync__1ZR6vkGVxwjeKaOC5zQRB0uToAaIEZAfCHP59_eGYruk.json	2026-09-01-0010-19	QUOTE_NOT_FOUND	Kobi Kunasekaran: Um, and this is honestly I think it's going to be almost the same logic as what whatever it is that you're building for re
2026-09-01_1000_wagertech-internal-sync__1ZR6vkGVxwjeKaOC5zQRB0uToAaIEZAfCHP59_eGYruk.json	2026-09-01-0019-30	QUOTE_NOT_FOUND	Cedrick Infantado: So, um there's uh a logic here that when everything is completed here, it would uh the status will be completed. Is that 
2026-09-01_1000_wagertech-internal-sync__1ZR6vkGVxwjeKaOC5zQRB0uToAaIEZAfCHP59_eGYruk.json	2026-09-01-0021-32	QUOTE_NOT_FOUND	Cedrick Infantado: ... when the check box is tick the no referral checkbox um the secondary referral still there. So I think we might uh nee
2026-09-01_1000_wagertech-internal-sync__1ZR6vkGVxwjeKaOC5zQRB0uToAaIEZAfCHP59_eGYruk.json	2026-09-01-0025-38	QUOTE_NOT_FOUND	Cedrick Infantado: ... after um documenting everything for 242 I'll move up to 243 which is the um I think it is advanced to in progress whe
2026-09-16_1638_kobi-taryn-redeposits-debrief.json	2026-09-16-1638-04	QUOTE_NOT_FOUND	Kobi Kunasekaran: And even the design like the document that shared it's it's a design document but like she mentioned like it's it's not va
2026-09-16_1638_kobi-taryn-redeposits-debrief.json	2026-09-16-1638-08	QUOTE_NOT_FOUND	Kobi Kunasekaran: So let's let's get all the requirements in a in a way that's you know strip out all the solutions and stuff. But use analo
2026-09-16_1638_kobi-taryn-redeposits-debrief.json	2026-09-16-1638-09	QUOTE_NOT_FOUND	Taryn Reithofer: Yeah. And then through there we can surface additional some holes in that that we might need to ask for the rep call. / Kob
2026-09-16_1638_kobi-taryn-redeposits-debrief.json	2026-09-16-1638-15	QUOTE_NOT_FOUND	Kobi Kunasekaran: we need to select the requirements and early enough to have the conversation assuming like it's going to be on Tuesday. / 
2026-09-16_1638_kobi-taryn-redeposits-debrief.json	2026-09-16-1638-17	QUOTE_NOT_FOUND	Kobi Kunasekaran: so that we don't we're not in the se perpetual state of okay what do we focus on we have like the operator page the player
2026-09-16_1638_kobi-taryn-redeposits-debrief.json	2026-09-16-1638-21	QUOTE_NOT_FOUND	Kobi Kunasekaran: So sometimes it's like if there are things that build up it's honestly just faster to just book a call or do it in our sta
2026-09-25_1000_wagertech-internal-sync__1MRQrsyv_XCgKEIoXR2_t4hTUfH3t5f-lGztLxIfTWZg.json	2026-09-25-1000-06	QUOTE_NOT_FOUND	Kobi Kunasekaran: ...you're going to pick up the tickets from that we created after our Wednesday meeting, right?... / Kobi Kunasekaran: ...
2026-09-25_1000_wagertech-internal-sync__1MRQrsyv_XCgKEIoXR2_t4hTUfH3t5f-lGztLxIfTWZg.json	2026-09-25-1000-09	QUOTE_NOT_FOUND	Taryn Reithofer: ...it's going back to the log signup discrepancy that's you Cedric had um fixed yesterday... / Taryn Reithofer: ...I still 
2026-09-25_1000_wagertech-internal-sync__1MRQrsyv_XCgKEIoXR2_t4hTUfH3t5f-lGztLxIfTWZg.json	2026-09-25-1000-13	QUOTE_NOT_FOUND	Waleed Alasadi: ...What is ready for review mean?... / Kobi Kunasekaran: it's work done. Uh it's essentially like internal UAT like somebody
2026-09-25_1000_wagertech-internal-sync__1MRQrsyv_XCgKEIoXR2_t4hTUfH3t5f-lGztLxIfTWZg.json	2026-09-25-1000-28	QUOTE_NOT_FOUND	Kobi Kunasekaran: ...Like you don't need to worry about like pulling it from the deal and things like that. I think that those will be like 
2026-06-08_1301_miko-kobi-dk-weekly-sync__1IKhFwe4Rx0VjecVMVNl3F3LWdbgzOgaveyoOoe26JU4.json	2026-06-08-1301-07	QUOTE_NOT_FOUND	Miko Sumagang: Because there is this like AI component that goes like into this because like we cannot like have them like live off of like 
2026-06-10_1401_review-data-migration-next-steps__1IeSsKHxSFTeKQWzOno0sLxNxfychTVPCZfDQkcsnfNk.json	-	NO_RAW	1IeSsKHxSFTeKQWzOno0sLxNxfychTVPCZfDQkcsnfNk
2026-07-02_1000_marc-kobi__10Ec9MxfgXUYCqBmxbm-f_uzDbJ3gxtYkHORxwMErybw.json	2026-07-02-1000-03	QUOTE_NOT_FOUND	[Kobi Kunasekaran] Contact Nico: Reach out to Nico to determine effective methods for resetting or refreshing the sandbox environment. / Kob
2026-07-03_1101_miko-kobi-midway-sync__11IOS31Bxd6dlUJrltOi5L1rCdh6zNiLHL_cUoaRcKSg.json	2026-07-03-1101-03	QUOTE_NOT_FOUND	Kobi Kunasekaran: Uh to a degree I got I got to put put together like a list, / Miko Sumagang: out? / Kobi Kunasekaran: but essentially like
2026-07-03_1101_miko-kobi-midway-sync__11IOS31Bxd6dlUJrltOi5L1rCdh6zNiLHL_cUoaRcKSg.json	2026-07-03-1101-07	QUOTE_NOT_FOUND	Miko Sumagang: So they wanted wanted it to be like a working like lunch while like they discuss ... / Miko Sumagang: sense they would be the
2026-07-03_1101_miko-kobi-midway-sync__11IOS31Bxd6dlUJrltOi5L1rCdh6zNiLHL_cUoaRcKSg.json	2026-07-03-1101-08	QUOTE_NOT_FOUND	Miko Sumagang: items uh set up. First like item is that we want to like give them like a status update on like where we're at. ... Second th
2026-07-13_1150_untitled__1VCJx1Yre2wngHTtL1aPUm4gzCun12MABzmoI9DDFGWY.json	2026-07-13-1150-04	QUOTE_NOT_FOUND	Waleed Alasadi: ... Uh like the storage stuff if they if we go forward with it that's going to be sometime this month. ... / Waleed Alasadi:
2026-07-16_1000_marc-kobi__10SfcGowy2GDCEXWK_FAgR_qTFwHe0MNa8Y4MwmGOBj4.json	2026-07-16-1000-01	QUOTE_NOT_FOUND	Kobi Kunasekaran shared an API document regarding the Wager Tech project and requested Marc Cabantog to review it for potential issues. / [M
2026-07-16_1000_marc-kobi__10SfcGowy2GDCEXWK_FAgR_qTFwHe0MNa8Y4MwmGOBj4.json	2026-07-16-1000-04	QUOTE_NOT_FOUND	[Kobi Kunasekaran] Clean Up Board: Confirm the list of completed story components for Wager Tech by reviewing the board.
2026-07-16_1000_marc-kobi__10SfcGowy2GDCEXWK_FAgR_qTFwHe0MNa8Y4MwmGOBj4.json	2026-07-16-1000-05	QUOTE_NOT_FOUND	[Marc Cabantog] List Components: Provide a list of created components in the Wager Tech story comments.
2026-07-21_1014_wagertech-sync__1YS-MEJ-VY6htjOuNiTj3G44DtDV2SvfzfKKz2nHpZlw.json	2026-07-21-1014-01	QUOTE_NOT_FOUND	Waleed Alasadi: she's like, "Do you know with other tools when do product management there's Figma so that you can show me layouts before yo
2026-07-21_1014_wagertech-sync__1YS-MEJ-VY6htjOuNiTj3G44DtDV2SvfzfKKz2nHpZlw.json	2026-07-21-1014-02	QUOTE_NOT_FOUND	Waleed Alasadi: last week when you guys talked about the UI layouts and you asked a question of give me feedback on what the sales reps want
2026-07-21_1014_wagertech-sync__1YS-MEJ-VY6htjOuNiTj3G44DtDV2SvfzfKKz2nHpZlw.json	2026-07-21-1014-03	QUOTE_NOT_FOUND	Waleed Alasadi: … it's all like the fields we're still early usually when we come to the front end later on. / … / Waleed Alasadi: then we w
2026-07-21_1014_wagertech-sync__1YS-MEJ-VY6htjOuNiTj3G44DtDV2SvfzfKKz2nHpZlw.json	2026-07-21-1014-04	QUOTE_NOT_FOUND	Kobi Kunasekaran: you gave me a 90page document with this an erd that has the same field and… / Kobi Kunasekaran: an API doc with the same f
2026-07-21_1014_wagertech-sync__1YS-MEJ-VY6htjOuNiTj3G44DtDV2SvfzfKKz2nHpZlw.json	2026-07-21-1014-06	QUOTE_NOT_FOUND	Kobi Kunasekaran: because a lot of the PC stuff we've already completed and then there's all these feedback from Friday and today that I hav
2026-07-21_1014_wagertech-sync__1YS-MEJ-VY6htjOuNiTj3G44DtDV2SvfzfKKz2nHpZlw.json	2026-07-21-1014-11	QUOTE_NOT_FOUND	Kobi Kunasekaran: forth and last week we decided that we're going to just add the links the URL to bridge the gap … / Kobi Kunasekaran: So I
2026-07-21_1014_wagertech-sync__1YS-MEJ-VY6htjOuNiTj3G44DtDV2SvfzfKKz2nHpZlw.json	2026-07-21-1014-12	QUOTE_NOT_FOUND	Kobi Kunasekaran: They want to do GCP as well, which they told me yesterday they want to move forward with it. / … / Kobi Kunasekaran: … and
2026-07-21_1014_wagertech-sync__1YS-MEJ-VY6htjOuNiTj3G44DtDV2SvfzfKKz2nHpZlw.json	2026-07-21-1014-14	QUOTE_NOT_FOUND	Kobi Kunasekaran: So that one is a potential risk and then the API conversation we need to have tomorrow because we're still waiting for the
2026-07-21_1014_wagertech-sync__1YS-MEJ-VY6htjOuNiTj3G44DtDV2SvfzfKKz2nHpZlw.json	2026-07-21-1014-16	QUOTE_NOT_FOUND	Waleed Alasadi: Are you able to just update Assara given … / Waleed Alasadi: where we are in the next two weeks? Just put it out and… / Kobi
2026-07-21_1014_wagertech-sync__1YS-MEJ-VY6htjOuNiTj3G44DtDV2SvfzfKKz2nHpZlw.json	2026-07-21-1014-19	QUOTE_NOT_FOUND	Kobi Kunasekaran: basically they're trying to get this type of simplified layout for the reps and then update the status through these actio
2026-07-21_1014_wagertech-sync__1YS-MEJ-VY6htjOuNiTj3G44DtDV2SvfzfKKz2nHpZlw.json	2026-07-21-1014-22	QUOTE_NOT_FOUND	Kobi Kunasekaran: So they still need those fields, but the more info we're probably going to hide for the reps or leave it and they can clic
2026-07-21_1014_wagertech-sync__1YS-MEJ-VY6htjOuNiTj3G44DtDV2SvfzfKKz2nHpZlw.json	2026-07-21-1014-23	QUOTE_NOT_FOUND	Waleed Alasadi: You should add a path here. Why don't we have a path? / Kobi Kunasekaran: It's not a linear process. / Waleed Alasadi: Reall
2026-07-21_1014_wagertech-sync__1YS-MEJ-VY6htjOuNiTj3G44DtDV2SvfzfKKz2nHpZlw.json	2026-07-21-1014-27	QUOTE_NOT_FOUND	Kobi Kunasekaran: So this and then what Jester's been working on is we wanted a way to bulk create the deal rep assignments. Right now they 
2026-07-21_1014_wagertech-sync__1YS-MEJ-VY6htjOuNiTj3G44DtDV2SvfzfKKz2nHpZlw.json	2026-07-21-1014-28	QUOTE_NOT_FOUND	Kobi Kunasekaran: yeah so from yesterday's feedback even this is heavy for them. / … / Kobi Kunasekaran: So, I'm happy to split it out into 
2026-07-21_1014_wagertech-sync__1YS-MEJ-VY6htjOuNiTj3G44DtDV2SvfzfKKz2nHpZlw.json	2026-07-21-1014-30	QUOTE_NOT_FOUND	Waleed Alasadi: Have you opened this on the Salesforce app at all? / … / Kobi Kunasekaran: No, not yet. / Kobi Kunasekaran: But this is mobi
2026-07-21_1014_wagertech-sync__1YS-MEJ-VY6htjOuNiTj3G44DtDV2SvfzfKKz2nHpZlw.json	2026-07-21-1014-31	QUOTE_NOT_FOUND	Kobi Kunasekaran: But this one, it doesn't have the pencil. E, so we do need to have a button for them to fill in the information. / … / Kob
2026-07-21_1014_wagertech-sync__1YS-MEJ-VY6htjOuNiTj3G44DtDV2SvfzfKKz2nHpZlw.json	2026-07-21-1014-32	QUOTE_NOT_FOUND	Waleed Alasadi: … to be honest I'm worried about the timeline right now. / … / Waleed Alasadi: … from an external read right now it seems li
2026-07-28_0939_kobi-taryn__1RHs9BL2582mRralU51RR1XLW5uch7qL76UnM42t00kg.json	2026-07-28-0939-05	QUOTE_NOT_FOUND	Kobi Kunasekaran: But there's still a lot of pieces there's a lot of pieces from their end. / Taryn Reithofer: Okay. / Kobi Kunasekaran: I t
2026-08-11_1016_wagertech__1Zd2YCtUmJkkT6LOpWVI_AipSlYx4yo_PMzU684wtkrI.json	2026-08-11-1016-02	QUOTE_NOT_FOUND	Kobi Kunasekaran: that was last week. Yeah, we shared with them a whole bunch of documentation. Jo went through and left some feedback but n
2026-08-11_1016_wagertech__1Zd2YCtUmJkkT6LOpWVI_AipSlYx4yo_PMzU684wtkrI.json	2026-08-11-1016-03	QUOTE_NOT_FOUND	Waleed Alasadi: So it was last week when we met with them that they said that they needed to go back internally and… / Waleed Alasadi: come 
2026-08-11_1016_wagertech__1Zd2YCtUmJkkT6LOpWVI_AipSlYx4yo_PMzU684wtkrI.json	2026-08-11-1016-07	QUOTE_NOT_FOUND	Kobi Kunasekaran: we can go live with that but that assumes that they are going to be creating those deal rep assignments and deal configura
2026-08-11_1016_wagertech__1Zd2YCtUmJkkT6LOpWVI_AipSlYx4yo_PMzU684wtkrI.json	2026-08-11-1016-08	QUOTE_NOT_FOUND	Waleed Alasadi: And if I think the competing projects are either whatever Apex that we need to build from Salesforce to them and… / Waleed A
2026-08-11_1016_wagertech__1Zd2YCtUmJkkT6LOpWVI_AipSlYx4yo_PMzU684wtkrI.json	2026-08-11-1016-09	QUOTE_NOT_FOUND	Waleed Alasadi: when would that be? Because Joyce said that she wants it to start if we can, right? / Kobi Kunasekaran: but we're still wait
2026-08-11_1016_wagertech__1Zd2YCtUmJkkT6LOpWVI_AipSlYx4yo_PMzU684wtkrI.json	2026-08-11-1016-10	QUOTE_NOT_FOUND	Kobi Kunasekaran: Yeah, that's a fair assumption. Yeah. Yeah. Yes, you're right. we could just set up this whole thing like a PC on our end,
2026-08-11_1016_wagertech__1Zd2YCtUmJkkT6LOpWVI_AipSlYx4yo_PMzU684wtkrI.json	2026-08-11-1016-11	QUOTE_NOT_FOUND	Kobi Kunasekaran: And I think in terms of feedbacks too, last week we said my understanding was that they were going to take away the signup
2026-08-11_1016_wagertech__1Zd2YCtUmJkkT6LOpWVI_AipSlYx4yo_PMzU684wtkrI.json	2026-08-11-1016-13	QUOTE_NOT_FOUND	Waleed Alasadi: And Joyce mentioned in Slack the operator and partner I think it was layouts. / Kobi Kunasekaran: Yes. Yes. But he was in I 
2026-08-11_1016_wagertech__1Zd2YCtUmJkkT6LOpWVI_AipSlYx4yo_PMzU684wtkrI.json	2026-08-11-1016-14	QUOTE_NOT_FOUND	Kobi Kunasekaran: but now I need more information you need to tell me what you want from here. So it's basic I think these are fine. they do
2026-08-11_1016_wagertech__1Zd2YCtUmJkkT6LOpWVI_AipSlYx4yo_PMzU684wtkrI.json	2026-08-11-1016-18	QUOTE_NOT_FOUND	Waleed Alasadi: There's still loose ends Kobe like to tell you the truth even showing the Asana board there's a lot of up nexts they're smal
2026-08-11_1016_wagertech__1Zd2YCtUmJkkT6LOpWVI_AipSlYx4yo_PMzU684wtkrI.json	2026-08-11-1016-19	QUOTE_NOT_FOUND	Kobi Kunasekaran: So yeah, I guess I just saw Emily posted an agenda for the API confirmation review ID mapping worksheet and live resolve. 
2026-08-11_1016_wagertech__1Zd2YCtUmJkkT6LOpWVI_AipSlYx4yo_PMzU684wtkrI.json	2026-08-11-1016-20	QUOTE_NOT_FOUND	Waleed Alasadi: it would be great if we can respond to her and be like, "Thanks, Emily." And we want to talk about timelines and… / Waleed A
2026-08-24_1600_jumpr-management-meeting__1Haq1lZpaKaUxYmGGFaBp9QIqU2u_Ruj6tNGrQDhrTuI.json	-	NO_RAW	1Haq1lZpaKaUxYmGGFaBp9QIqU2u_Ruj6tNGrQDhrTuI
2026-08-27_0730_jumpr-monthly-business-update__1QrYOVXijkel-j29jtOpiyh3PALG8KytohD6uZmbcvMI.json	-	NO_RAW	1QrYOVXijkel-j29jtOpiyh3PALG8KytohD6uZmbcvMI
2026-08-31_1330_cedrick-taryn-meet-greet__1-RYqRhATHXtbKLSGFL8Js_Zd0_tEQOVDmiG3fejr9Cg.json	-	NO_RAW	1-RYqRhATHXtbKLSGFL8Js_Zd0_tEQOVDmiG3fejr9Cg
2026-09-03_1600_waleed-kobi__1S_m_0LWhRCUA9rMW-VkIQjLLd_RBwUW1OX6v-MZL1PU.json	2026-09-03-1600-03	QUOTE_NOT_FOUND	Waleed Alasadi: because she said they're going to come back with requirements to really / ... / Waleed Alasadi: not Lena, Emily said that ne
2026-09-03_1600_waleed-kobi__1S_m_0LWhRCUA9rMW-VkIQjLLd_RBwUW1OX6v-MZL1PU.json	2026-09-03-1600-04	QUOTE_NOT_FOUND	Waleed Alasadi: ... just take a checkpoint to be like here's your requirements here's what's changed this is what it looks like to go live /
2026-09-03_1600_waleed-kobi__1S_m_0LWhRCUA9rMW-VkIQjLLd_RBwUW1OX6v-MZL1PU.json	2026-09-03-1600-06	QUOTE_NOT_FOUND	Waleed Alasadi: if I look at the Asana project Kobe it's very true that … / ... / Waleed Alasadi: because the work streams are very defined 
2026-09-03_1600_waleed-kobi__1S_m_0LWhRCUA9rMW-VkIQjLLd_RBwUW1OX6v-MZL1PU.json	2026-09-03-1600-09	QUOTE_NOT_FOUND	Kobi Kunasekaran: But like everyone knows… / Kobi Kunasekaran: what they're working on and… / Kobi Kunasekaran: there's, everything that's i
2026-09-08_0930_jumpr-progress-update__1TNLFaEVsgW4c9VN9PfK22BbOhBXFkCralOW9cT9QhPo.json	-	NO_RAW	1TNLFaEVsgW4c9VN9PfK22BbOhBXFkCralOW9cT9QhPo
2026-09-21_1501_waleed-kobi__1b3h4vfVYnS8hhqjbxsi0aIQeUWFrsovCqMU0bNMm73E.json	2026-09-21-1501-01	QUOTE_NOT_FOUND	Kobi Kunasekaran: Yeah. Yeah. Yeah. I think the hard part right now is I don't know how much more time we're going to need, between now and 
2026-09-21_1501_waleed-kobi__1b3h4vfVYnS8hhqjbxsi0aIQeUWFrsovCqMU0bNMm73E.json	2026-09-21-1501-06	QUOTE_NOT_FOUND	Kobi Kunasekaran: ... I don't want to suggest that we move that whole thing into Salesforce yet. I'm proposing that we still keep it. ... wh
2026-09-21_1501_waleed-kobi__1b3h4vfVYnS8hhqjbxsi0aIQeUWFrsovCqMU0bNMm73E.json	2026-09-21-1501-07	QUOTE_NOT_FOUND	Kobi Kunasekaran: It's just a cloud prompt or whatever it is that they did, a skill. So I think we can try to figure out how to move that ov
2026-09-21_1501_waleed-kobi__1b3h4vfVYnS8hhqjbxsi0aIQeUWFrsovCqMU0bNMm73E.json	2026-09-21-1501-09	QUOTE_NOT_FOUND	Kobi Kunasekaran: My concern is I don't know enough about the inner workings of the logic that does the reallocation to be able to confident
2026-09-21_1501_waleed-kobi__1b3h4vfVYnS8hhqjbxsi0aIQeUWFrsovCqMU0bNMm73E.json	2026-09-21-1501-10	QUOTE_NOT_FOUND	Kobi Kunasekaran: I think the focus right now is the day-to-day user interface and what that looks like and making that simple, right? It is
2026-09-21_1559_jumpr-management-meeting__1UFESpNA8-66qyOqUncOTsbVMQB7lC4FnA64D7uIoAdo.json	2026-09-21-1559-08	QUOTE_NOT_FOUND	Waleed Alasadi: So I think just being able to try and define it a little bit and… / Waleed Alasadi: have them either agree or disagree is go
2026-09-21_1559_jumpr-management-meeting__1UFESpNA8-66qyOqUncOTsbVMQB7lC4FnA64D7uIoAdo.json	2026-09-21-1559-09	QUOTE_NOT_FOUND	Kobi Kunasekaran: Yeah, I think with the project being moved to Jira as well and… / Kobi Kunasekaran: we have a springboard setup that might
2026-09-28_1559_jumpr-management-meeting__1u6FDWln5bZFff_SPnwF7MwTDUaUF5YBRcgvZa_74GRY.json	2026-09-28-1559-02	QUOTE_NOT_FOUND	Waleed Alasadi: Friday is the last day of adding,… / Kobi Kunasekaran: It's great. / Waleed Alasadi: is that true? Could we say that that's 
2026-09-28_1559_jumpr-management-meeting__1u6FDWln5bZFff_SPnwF7MwTDUaUF5YBRcgvZa_74GRY.json	2026-09-28-1559-03	QUOTE_NOT_FOUND	Kobi Kunasekaran: I moved the meeting to Wednesday. but yes we'll map out everything else and… / Waleed Alasadi: Okay.
