file	temp_id	category	severity	problems
Access_Permissions_Org_Setup.json	ACCESS-01	V2	High	
Access_Permissions_Org_Setup.json	ACCESS-02	V5	Medium	jira_quote_not_in_issue:WAGR-391
Access_Permissions_Org_Setup.json	ACCESS-03	V3	Medium	
Access_Permissions_Org_Setup.json	ACCESS-04	V5	Medium	
Access_Permissions_Org_Setup.json	ACCESS-05	V5	Medium	
Access_Permissions_Org_Setup.json	ACCESS-06	V8	Medium	
Access_Permissions_Org_Setup.json	ACCESS-07	V1	Low	
CMS_Integration_A.json	CMS-A-01	V1	Medium	
CMS_Integration_A.json	CMS-A-02	V1	Low	
CMS_Integration_A.json	CMS-A-03	V1	Low	
CMS_Integration_A.json	CMS-A-04	V1	Low	
CMS_Integration_A.json	CMS-A-05	V1	Medium	
CMS_Integration_A.json	CMS-A-06	V5	Medium	
CMS_Integration_A.json	CMS-A-07	V5	Medium	
CMS_Integration_A.json	CMS-A-08	V5	Low	
CMS_Integration_B.json	CMSB-01	V3	Medium	
CMS_Integration_B.json	CMSB-02	V2	Medium	
CMS_Integration_B.json	CMSB-03	V2	Medium	
CMS_Integration_B.json	CMSB-04	V4	Low	
CMS_Integration_B.json	CMSB-05	V1	Medium	
CMS_Integration_B.json	CMSB-06	V1	Low	
Data_Migration_Import.json	DMI-01	V2	High	
Data_Migration_Import.json	DMI-02	V3	Medium	
Data_Migration_Import.json	DMI-03	V5	Medium	
Data_Migration_Import.json	DMI-04	V5	Medium	
Data_Migration_Import.json	DMI-05	V5	Medium	
Data_Migration_Import.json	DMI-06	V8	Medium	
Data_Migration_Import.json	DMI-07	V2	Low	
Data_Migration_Import.json	DMI-08	V1	Low	
Deal_A.json	DEAL-A-01	V1	Low	
Deal_A.json	DEAL-A-02	V1	Low	
Deal_A.json	DEAL-A-03	V5	Low	
Deal_A.json	DEAL-A-04	V5	Medium	
Deal_A.json	DEAL-A-05	V5	Medium	
Deal_A.json	DEAL-A-06	V5	Medium	
Deal_A.json	DEAL-A-07	V5	Medium	
Deal_A.json	DEAL-A-08	V5	Medium	
Deal_A.json	DEAL-A-09	V8	Medium	
Deal_B.json	DEAL-B-01	V2	Medium	
Deal_B.json	DEAL-B-02	V2	Medium	
Deal_B.json	DEAL-B-03	V3	Medium	
Deal_B.json	DEAL-B-04	V3	Medium	
Deal_B.json	DEAL-B-05	V3	Medium	
Deal_B.json	DEAL-B-06	V3	Medium	
Deal_B.json	DEAL-B-07	V3	Low	
Deal_B.json	DEAL-B-08	V3	Low	
Deal_B.json	DEAL-B-09	V3	Low	
Deal_B.json	DEAL-B-10	V3	Low	
Deal_B.json	DEAL-B-11	V3	Low	
Deal_B.json	DEAL-B-12	V2	Low	
Deal_B.json	DEAL-B-13	V2	Low	
Deal_B.json	DEAL-B-14	V3	Low	
Deal_B.json	DEAL-B-15	V6	Low	
Deal_B.json	DEAL-B-16	V1	Low	
Operator_Partner_A.json	OPPT-A-01	V2	Medium	
Operator_Partner_A.json	OPPT-A-02	V5	Low	
Operator_Partner_A.json	OPPT-A-03	V3	Low	jira_quote_not_in_issue:WAGR-411
Operator_Partner_A.json	OPPT-A-04	V4	Low	
Operator_Partner_A.json	OPPT-A-05	V1	Low	
Operator_Partner_A.json	OPPT-A-06	V1	Low	
Operator_Partner_A.json	OPPT-A-07	V1	Medium	
Operator_Partner_A.json	OPPT-A-08	V1	Low	
Operator_Partner_A.json	OPPT-A-09	V1	Low	
Operator_Partner_A.json	OPPT-A-10	V1	Low	
Operator_Partner_A.json	OPPT-A-11	V8	Low	
Operator_Partner_B.json	OP_B-01	V3	Medium	
Operator_Partner_B.json	OP_B-02	V3	Low	jira_quote_not_in_issue:WAGR-389
Operator_Partner_B.json	OP_B-03	V3	Low	
Operator_Partner_B.json	OP_B-04	V4	Low	
Operator_Partner_B.json	OP_B-05	V1	Low	
Operator_Partner_B.json	OP_B-06	V1	Low	
Ops_list_views_Console_UX_A.json	OPS-A-01	V1	Medium	
Ops_list_views_Console_UX_A.json	OPS-A-02	V1	Medium	
Ops_list_views_Console_UX_A.json	OPS-A-03	V1	Low	
Ops_list_views_Console_UX_A.json	OPS-A-04	V1	Low	
Ops_list_views_Console_UX_A.json	OPS-A-05	V2	Medium	
Ops_list_views_Console_UX_A.json	OPS-A-06	V3	Low	
Ops_list_views_Console_UX_A.json	OPS-A-07	V4	Low	
Ops_list_views_Console_UX_A.json	OPS-A-08	V5	Low	
Ops_list_views_Console_UX_A.json	OPS-A-09	V8	Low	
Ops_list_views_Console_UX_A.json	OPS-A-10	V8	Low	
Ops_list_views_Console_UX_B.json	OPS-B-01	V2	Medium	
Ops_list_views_Console_UX_B.json	OPS-B-02	V3	Medium	
Ops_list_views_Console_UX_B.json	OPS-B-03	V2	Medium	
Ops_list_views_Console_UX_B.json	OPS-B-04	V3	Low	
Ops_list_views_Console_UX_B.json	OPS-B-05	V3	Low	
Ops_list_views_Console_UX_B.json	OPS-B-06	V3	Low	
Ops_list_views_Console_UX_B.json	OPS-B-07	V4	Low	
Ops_list_views_Console_UX_B.json	OPS-B-08	V1	Low	
Ops_list_views_Console_UX_B.json	OPS-B-09	V1	Low	
Ops_list_views_Console_UX_B.json	OPS-B-10	V1	Low	
Other.json	OTHER-01	V1	Medium	
Player.json	PLAYER-01	V2	Medium	
Player.json	PLAYER-02	V2	Medium	
Player.json	PLAYER-03	V3	Medium	
Player.json	PLAYER-04	V3	Low	
Player.json	PLAYER-05	V3	Medium	
Player.json	PLAYER-06	V3	Low	
Player.json	PLAYER-07	V5	Medium	
Player.json	PLAYER-08	V5	Low	
Player.json	PLAYER-09	V1	Low	
Player.json	PLAYER-10	V1	Medium	
Player.json	PLAYER-11	V8	Low	
Project_Mgmt_Scope_Phase_Timeline_A.json	PM-A-01	V3	Medium	
Project_Mgmt_Scope_Phase_Timeline_A.json	PM-A-02	V2	Low	
Project_Mgmt_Scope_Phase_Timeline_A.json	PM-A-03	V1	Medium	
Project_Mgmt_Scope_Phase_Timeline_A.json	PM-A-04	V1	Low	
Project_Mgmt_Scope_Phase_Timeline_A.json	PM-A-05	V1	Low	
Project_Mgmt_Scope_Phase_Timeline_A.json	PM-A-06	V1	Low	
Project_Mgmt_Scope_Phase_Timeline_A.json	PM-A-07	V8	Medium	
Project_Mgmt_Scope_Phase_Timeline_A.json	PM-A-08	V8	Low	
Project_Mgmt_Scope_Phase_Timeline_B.json	PMB-01	V3	Medium	
Project_Mgmt_Scope_Phase_Timeline_B.json	PMB-02	V2	Medium	
Project_Mgmt_Scope_Phase_Timeline_B.json	PMB-03	V3	Medium	
Project_Mgmt_Scope_Phase_Timeline_B.json	PMB-04	V2	Medium	
Project_Mgmt_Scope_Phase_Timeline_B.json	PMB-05	V6	Low	
Project_Mgmt_Scope_Phase_Timeline_B.json	PMB-06	V3	Low	
Redeposits.json	REDEP-01	V1	High	
Redeposits.json	REDEP-02	V1	Medium	
Redeposits.json	REDEP-03	V1	Medium	
Redeposits.json	REDEP-04	V1	Medium	
Redeposits.json	REDEP-05	V1	Medium	
Redeposits.json	REDEP-06	V1	Low	
Redeposits.json	REDEP-07	V1	Medium	
Redeposits.json	REDEP-08	V1	Medium	
Redeposits.json	REDEP-09	V1	Low	
Redeposits.json	REDEP-10	V1	Low	
Redeposits.json	REDEP-11	V1	Low	
Redeposits.json	REDEP-12	V1	Low	
Redeposits.json	REDEP-13	V1	Low	
Redeposits.json	REDEP-14	V1	Low	
Redeposits.json	REDEP-15	V1	Low	
Redeposits.json	REDEP-16	V3	Medium	
Redeposits.json	REDEP-17	V3	Low	
Redeposits.json	REDEP-18	V8	Medium	
Redeposits.json	REDEP-19	V8	Low	
Redeposits.json	REDEP-20	V8	Low	
Redeposits.json	REDEP-21	V8	Low	
Redeposits.json	REDEP-22	V8	Low	
Referral_and_Payouts.json	RP-01	V5	Medium	
Referral_and_Payouts.json	RP-02	V5	Medium	
Referral_and_Payouts.json	RP-03	V1	Medium	
Referral_and_Payouts.json	RP-04	V2	Medium	
Referral_and_Payouts.json	RP-05	V3	Medium	
Referral_and_Payouts.json	RP-06	V3	Medium	
Referral_and_Payouts.json	RP-07	V3	Low	
Referral_and_Payouts.json	RP-08	V1	Low	
Referral_and_Payouts.json	RP-09	V1	Low	
Referral_and_Payouts.json	RP-10	V4	Low	
Referral_and_Payouts.json	RP-11	V8	Medium	
Referrer_Brand_Ambassador.json	RBA-01	V2	Medium	
Referrer_Brand_Ambassador.json	RBA-02	V1	Low	
Referrer_Brand_Ambassador.json	RBA-03	V1	Low	
Referrer_Brand_Ambassador.json	RBA-04	V5	Low	
Referrer_Brand_Ambassador.json	RBA-05	V5	Medium	
Referrer_Brand_Ambassador.json	RBA-06	V3	Low	
Referrer_Brand_Ambassador.json	RBA-07	V5	Low	
Referrer_Brand_Ambassador.json	RBA-08	V3	Low	
Referrer_Brand_Ambassador.json	RBA-09	V5	Low	
Reporting_Dashboards.json	RD-01	V1	Medium	
Reporting_Dashboards.json	RD-02	V3	Medium	
Reporting_Dashboards.json	RD-03	V5	Medium	
Reporting_Dashboards.json	RD-04	V5	Medium	
Reporting_Dashboards.json	RD-05	V1	Medium	
Reporting_Dashboards.json	RD-06	V1	Low	
Reporting_Dashboards.json	RD-07	V1	Low	
Reporting_Dashboards.json	RD-08	V1	Low	
Reporting_Dashboards.json	RD-09	V1	Low	
Reporting_Dashboards.json	RD-10	V3	Low	jira_quote_not_in_issue:WAGR-384
Sign_Up_A.json	SIGNUP-01	V1	Medium	
Sign_Up_A.json	SIGNUP-02	V1	Medium	
Sign_Up_A.json	SIGNUP-03	V1	Medium	
Sign_Up_A.json	SIGNUP-04	V5	Medium	
Sign_Up_A.json	SIGNUP-05	V2	Medium	
Sign_Up_A.json	SIGNUP-06	V3	Low	
Sign_Up_A.json	SIGNUP-07	V4	Medium	
Sign_Up_A.json	SIGNUP-08	V4	Low	
Sign_Up_A.json	SIGNUP-09	V8	Low	
Sign_Up_B.json	SIGNUP-B-01	V2	High	
Sign_Up_B.json	SIGNUP-B-02	V4	High	
Sign_Up_B.json	SIGNUP-B-03	V3	Medium	
Sign_Up_B.json	SIGNUP-B-04	V3	Medium	
Sign_Up_B.json	SIGNUP-B-05	V2	Medium	
Sign_Up_B.json	SIGNUP-B-06	V3	Medium	
Sign_Up_B.json	SIGNUP-B-07	V5	Medium	
Sign_Up_B.json	SIGNUP-B-08	V2	Low	
Sign_Up_B.json	SIGNUP-B-09	V3	Low	
Sign_Up_B.json	SIGNUP-B-10	V3	Low	tier2_evidence_only
Sign_Up_B.json	SIGNUP-B-11	V3	Low	
Sign_Up_B.json	SIGNUP-B-12	V6	Low	
Sign_Up_B.json	SIGNUP-B-13	V4	Low	
Sign_Up_B.json	SIGNUP-B-14	V4	Low	
Sign_Up_B.json	SIGNUP-B-15	V4	Low	
Sign_Up_B.json	SIGNUP-B-16	V2	Low	
Storage_Proofs.json	STORAGE_PROOFS-01	V4	Medium	
Storage_Proofs.json	STORAGE_PROOFS-02	V3	Medium	
Storage_Proofs.json	STORAGE_PROOFS-03	V8	Medium	
Storage_Proofs.json	STORAGE_PROOFS-04	V1	Low	
Storage_Proofs.json	STORAGE_PROOFS-05	V1	Low	
Storage_Proofs.json	STORAGE_PROOFS-06	V1	Low	
Storage_Proofs.json	STORAGE_PROOFS-07	V1	Low	
Testing_UAT_Go_Live.json	TUG-01	V1	High	
Testing_UAT_Go_Live.json	TUG-02	V1	High	
Testing_UAT_Go_Live.json	TUG-03	V1	Medium	
Training_Enablement.json	TE-01	V1	Medium	
Training_Enablement.json	TE-02	V1	Medium	
Training_Enablement.json	TE-03	V1	Medium	
Training_Enablement.json	TE-04	V1	Medium	
Training_Enablement.json	TE-05	V3	Low	
Training_Enablement.json	TE-06	V1	Low	
Training_Enablement.json	TE-07	V1	Low	
Training_Enablement.json	TE-08	V1	Low	
Training_Enablement.json	TE-09	V8	Medium	
Training_Enablement.json	TE-10	V8	Medium	
batch_01.json	B01-01	V3	Medium	
batch_01.json	B01-02	V3	Medium	
batch_01.json	B01-03	V3	Medium	
batch_01.json	B01-04	V3	Low	
batch_01.json	B01-05	V4	Low	
batch_02.json	B02-01	V3	Medium	
batch_02.json	B02-02	V3	Low	
batch_02.json	B02-03	V3	Medium	
batch_03.json	B03-01	V2	Medium	
batch_03.json	B03-02	V3	Medium	
batch_03.json	B03-03	V3	Low	
batch_04.json	B04-01	V3	Medium	
batch_04.json	B04-02	V2	Medium	
batch_04.json	B04-03	V3	Low	
batch_04.json	B04-04	V5	Low	
batch_04.json	B04-05	V3	Low	
batch_05.json	JS05-01	V2	Medium	
batch_05.json	JS05-02	V2	Low	
batch_05.json	JS05-03	V3	Medium	
batch_06.json	JS06-01	V3	Medium	
batch_06.json	JS06-02	V3	Low	
batch_07.json	JS07-01	V2	Medium	
batch_08.json	JSWEEP08-01	V2	Low	
batch_09.json	JS09-01	V3	Low	
batch_09.json	JS09-02	V3	Low	
batch_09.json	JS09-03	V3	Low	
batch_09.json	JS09-04	V2	Low	
batch_09.json	JS09-05	V2	Medium	
batch_10.json	B10-01	V5	Medium	jira_quote_not_in_issue:WAGR-391
batch_10.json	B10-02	V3	Medium	
batch_10.json	B10-03	V2	Low	
batch_10.json	B10-04	V5	Low	
batch_10.json	B10-05	V2	Medium	
batch_10.json	B10-06	V5	Medium	
batch_10.json	B10-07	V5	Low	
batch_11.json	B11-01	V2	Medium	
batch_11.json	B11-02	V2	Medium	
batch_11.json	B11-03	V5	Low	
batch_12.json	JS12-01	V2	Medium	
