key	type	status	assignee	epic	summary
WAGR-11	Epic	In Progress			Epic C — Deals & Rep Assignment
WAGR-12	Story	Done		WAGR-11	POC-07 — Create Deal-Rep Assignment object
WAGR-13	Story	Requirements	Kobi Kunasekaran	WAGR-11	BUILD-08 — Build duplicate prevention rules: Operator, Partner, Deal
WAGR-14	Story	Done		WAGR-11	POC-06 — Create Deal object and commercial fields
WAGR-39	Epic	Requirements			SF → CMS Integration: Deals & Affiliate Links (v2 webhook)
WAGR-45	Story	Ready	Kobi Kunasekaran		BUILD-64 — Rep deal-visibility rework: DRA-only, no partner
WAGR-49	Story	Requirements		WAGR-39	Study Link Click — raw Link External ID intake
WAGR-50	Story	Requirements		WAGR-39	Sign-Up — Affiliate Link attribution from SLC Link External ID
WAGR-54	Sub-task	Open		WAGR-52	Deal__c — Search Layout key fields
WAGR-56	Sub-task	Open		WAGR-52	Deal_Rep_Assignment__c — Search Layout key fields
WAGR-61	Task	Ready	Kobi Kunasekaran		BUILD-119 — Deal list view columns
WAGR-62	Task	Ready	Kobi Kunasekaran		BUILD-120 — Deal record page layout rebuild (Ops view, per 2026-08-10 screenshots)
WAGR-64	Task	Jumpr Review	Taryn Reithofer		BUILD-148 — Operator + Partner: DLRS rollups — Active Deals, Verticals, Markets, Operators count
WAGR-67	Task	Ready	Kobi Kunasekaran		BUILD-147 — Operator + Partner: automate Status from active deal count
WAGR-68	Task	Ready		WAGR-39	BUILD-157 — Deal: enable field history tracking (the replacement for Deal Version)
WAGR-83	Task	Requirements	Taryn Reithofer		BUILD-224 — Affiliate Link: Deal Rep Assignments Related List
WAGR-86	Task	In Progress	Kobi Kunasekaran		BUILD-222 — Test Deal flag: checkbox on Deal, -TEST in Deal Name, TEST- prefix on External Deal ID
WAGR-93	Task	Ready	Taryn Reithofer		BUILD-249 — Deal: Require Source on record page (Dynamic Forms) + list view column
WAGR-94	Task	Ready			BUILD-256 — Reps: read-only field access on Operator, Partner, Deal, Brand Ambassador, DRA, Affiliate Link (PLACEHOLDER — needs spec)
WAGR-95	Task	Ready			BUILD-258 — Deal Rep Assignment "All Assignments" list view: add key fields
WAGR-96	Task	Ready			BUILD-257 — Rep "My Assignments" view: assignments with Sign-Ups and key assignment/deal info
WAGR-97	Task	Ready	Kobi Kunasekaran		BUILD-273 — Deal: Data cleanup + regenerate Deal Names and External Deal IDs
WAGR-98	Task	Requirements	Kobi Kunasekaran		DECISION-07 — Deal versioning when commercial terms change
WAGR-99	Story	Done	Cedrick Infantado		BUILD-272 — Deal: Makeup dedupe key and duplicate block
WAGR-101	Task	Done	Taryn Reithofer		BUILD-275 — Deal: Region_Code__c formula field (Country/State → CMS region code)
WAGR-103	Task	Jumpr Review	Taryn Reithofer		BUILD-279 — Deal Rep Assignment: Test checkbox
WAGR-104	Story	Requirements	Kobi Kunasekaran		BUILD-276 — Deal: External Deal ID version suffix — remove, replace, or keep
WAGR-106	Task	Jumpr Review	Taryn Reithofer		DECISION-08 — Deal: Commercial Terms fields to confirm for Sign-Up snapshot & lifecycle tracking
WAGR-107	Task	Ready	Taryn Reithofer		BUILD-214 — Deal: Redeposit Details
WAGR-116	Story	Cancelled			BUILD-83 — Deal sync status fields + Sync with CMS action
WAGR-119	Story	Cancelled			BUILD-87 — Link changes trigger a deal re-sync
WAGR-121	Story	Cancelled			BUILD-86 — Publish readiness gating
WAGR-122	Story	Open		WAGR-444	BUILD-98 — Validation: one active Deal Rep Assignment per rep per deal
WAGR-130	Task	In Progress			BUILD-158 — Deal: Deposit Range (min/max) + Avg Deposit Target
WAGR-133	Task	Jumpr Review	Taryn Reithofer		BUILD-221 — Affiliate Link: Deal Context Fields
WAGR-139	Task	Jumpr Review	Kobi Kunasekaran		BUILD-247 — Deal: Include Source code in External Deal ID generation
WAGR-145	Task	Jumpr Review	Taryn Reithofer		BUILD-268 — Partner: Add Source column to Deal Rollup Table
WAGR-147	Task	Jumpr Review	Kobi Kunasekaran		BUILD-248 — Deal: Append Source code to Deal Name automation
WAGR-150	Task	Jumpr Review	Taryn Reithofer		BUILD-262 — Operator: Add SOURCE to Deal Rollup Table
WAGR-167	Task	Jumpr Review	Kobi Kunasekaran		BUILD-246 — Deal: Source_Code__c formula field (Source → shortcode)
WAGR-169	Task	Jumpr Review	Taryn Reithofer		BUILD-216 — Deal: Link Object + Assignment Fields (toggle)
WAGR-170	Task	Jumpr Review	Taryn Reithofer		BUILD-218 — Deal: Links Related List
WAGR-172	Task	Jumpr Review	Taryn Reithofer		BUILD-215 — Deal: Additional Details
WAGR-173	Task	Jumpr Review	Taryn Reithofer		BUILD-213 — Deal: Commercial Terms
WAGR-174	Task	Jumpr Review	Taryn Reithofer		BUILD-219 — Deal: Deal Rep Assignments Related List
WAGR-175	Task	Done	Taryn Reithofer		BUILD-212 — Deal: Object + Core Details
WAGR-179	Task	Jumpr Review	Taryn Reithofer		BUILD-237 — Deal Rep Assignment: Deal Cross-Reference Formula Fields
WAGR-180	Task	Jumpr Review	Taryn Reithofer		BUILD-209 — Brand Ambassador: Assigned Deals Related List
WAGR-198	Task	Done	Kobi Kunasekaran		BUILD-228 — Set up External Deal ID auto-generation on Deal
WAGR-205	Task	Jumpr Review	Taryn Reithofer		BUILD-132 — Operator + Partner: Deals related lists (two of them) — this is where Deal-as-junction shows up
WAGR-209	Task	Jumpr Review	Kobi Kunasekaran		BUILD-163 — Deal: Owner not required, moved to Additional Details
WAGR-210	Task	Done	Kobi Kunasekaran		BUILD-121 — Deal New/Edit modal layout rebuild (per 2026-08-10 screenshots)
WAGR-211	Task	Jumpr Review	Kobi Kunasekaran		BUILD-160 — Deal: Payout Model + conditional Rev Share
WAGR-212	Task	Jumpr Review	Kobi Kunasekaran		BUILD-161 — Deal: Monthly Cap (numeric, 0 = unlimited) + delete CPA Target Type / CPA Target
WAGR-213	Task	Jumpr Review	Kobi Kunasekaran		BUILD-159 — Deal: Redeposit settings + conditional redeposit range
WAGR-214	Task	Jumpr Review	Kobi Kunasekaran		BUILD-164 — Deal: remove Deal Version entirely
WAGR-215	Task	Done	Kobi Kunasekaran		BUILD-156 — Deal: Effective End Date — remove from list view, keep on record, stamp at close
WAGR-216	Task	Jumpr Review	Kobi Kunasekaran		BUILD-153 — Deal: Exclude from Partner Bonuses checkbox
WAGR-217	Task	Jumpr Review	Kobi Kunasekaran		BUILD-154 — Deal: Source picklist
WAGR-218	Task	Jumpr Review	Kobi Kunasekaran		BUILD-155 — Deal: two fields moved down from Operator — Default Redirect URL + Pitch & Positioning
WAGR-221	Story	Jumpr Review	Marc Cabantog		BUILD-49 — Deal display label formula field
WAGR-223	Task	Jumpr Review	Kobi Kunasekaran		BUILD-124 — Market Country Code + Market State Code formula fields on Deal
WAGR-224	Task	Jumpr Review	Kobi Kunasekaran		BUILD-118 — Market display field on Deal (flag emoji + state + country)
WAGR-225	Task	Jumpr Review	Kobi Kunasekaran		BUILD-125 — Deal Name + Deal hyperlink: drop Partner, use market short codes (REVISES BUILD-117)
WAGR-238	Task	Done	Taryn Reithofer		BUILD-217 — Deal: Link Validation Logic
WAGR-239	Task	Done	Kobi Kunasekaran		BUILD-223 — Load client Deal + Rep Assignment data into Partial sandbox
WAGR-246	Bug	Done			BUILD-104 — Direct-deal modelling reconciliation
WAGR-250	Story	Done			BUILD-103 — Account Default_* → Deal cascade: implement or formally defer
WAGR-251	Story	Done			BUILD-99 — Validation: no overlapping DRA effective-date ranges
WAGR-255	Task	Done			BUILD-90 — ERD naming alignment audit + label renames
WAGR-260	Story	Done			BUILD-63 — Deal Links child object
WAGR-262	Story	Done			BUILD-65 — DRA targets & attainment fields
WAGR-263	Task	Done			BUILD-54 — Backfill Player Full Name search key + Deal/Partner search keys
WAGR-264	Story	Done			BUILD-66 — SF→CMS outbound integration: deal publish (spec first)
WAGR-272	Task	Done			BUILD-117 — Deal Name auto-generated format (REVISES BUILD-49)
WAGR-276	Story	Done			BUILD-46 — CMS→SF Deal Rep Assignment inbound API (requirements + field contract)
WAGR-282	Story	Done			BUILD-45 — Deal Rep Assignment: bulk assignment UI polish and status emojis
WAGR-319	Task	Done	Kobi Kunasekaran		Discovery: ERD and Data Requirements
WAGR-330	Story	Done			BUILD-09 — Build Deal-Rep Assignment Bulk Assign/Unassign UI
WAGR-332	Task	Done			POC Demo Updates & UI Cleanup
WAGR-333	Task	Done			POC-18 — Add Notes Field to All POC Objects
WAGR-349	Task	Done			BUILD-22 — Status and country flag emojis
WAGR-358	Task	Open			BUILD-92 — Deal caps/pacing/forecasting model — Phase 2 scoping (parked)
WAGR-363	Task	Done	Kobi Kunasekaran		BUILD-133 — Operator: surface Partner info derived from Deals — TABLED
WAGR-367	Task	Open			BUILD-162 — Move bonus fields from Deal to Partner — HOLD until the bonus model lands
WAGR-371	Task	Cancelled		WAGR-443	OOS: Per-rep deal caps (Deal-Rep Assignment moved INTO Phase 1 — see POC-07)
WAGR-384	Story	Jumpr Review	Cedrick Infantado	WAGR-382	Operator–Partner Relationship records created and deactivated from Deals
WAGR-392	Task	Ready		WAGR-449	Brand Manager: Confirm Visibility to Deal and Deal Rep Assignment Records
WAGR-419	Bug	Open	Kobi Kunasekaran		Investigate SLC for potential mismatched Deal
WAGR-422	Story	Requirements	Taryn Reithofer	WAGR-305	Sign-Up: Reorganize header — Proof/Completion right, Partner short code, Deal Info section
WAGR-432	Story	Open		WAGR-420	Sign-Up: VIP manual entry flow, field set, status, and Deal relation (VIP)
WAGR-444	Epic	Requirements			CMS → SF Integration: Deal Rep Assignments (later phase)
WAGR-445	Task	Requirements		WAGR-39	CMS Sync — Secure and rotate CMS webhook and database credentials
WAGR-446	Task	Jumpr Review	Cedrick Infantado	WAGR-39	CMS Sync — Configure the webhook connection, integration user and settings
WAGR-447	Story	Requirements		WAGR-39	Deal — Archive & Replace: Archived status, makeup release and successor relationship
WAGR-448	Story	Jumpr Review	Cedrick Infantado	WAGR-39	Deal — Reserve makeup until Archived; retain automatic External Deal ID collision suffixing
WAGR-450	Story	In Progress	Cedrick Infantado	WAGR-39	Deal — Activation readiness, First Activated Date and exceptional override
WAGR-451	Story	Requirements		WAGR-39	CMS Sync — Deal sync state, manual/bulk retry and CMS Sync diagnostics UI
WAGR-452	Task	Cancelled		WAGR-39	CMS Sync — Integration log (per call) — optional
WAGR-453	Story	Requirements	Cedrick Infantado	WAGR-39	Deal — Lock identity after first activation and protect activated Deals from deletion
WAGR-454	Story	Requirements		WAGR-39	CMS Sync — Queueable Apex Deal sync service: v2 payload, batching and responses
WAGR-455	Story	Requirements		WAGR-39	CMS Sync — Queue automatically on activation and post-activation Deal/Account changes
WAGR-456	Story	Requirements		WAGR-39	CMS Sync — Include CMS-eligible Affiliate Links in Deal payload
WAGR-457	Story	Requirements		WAGR-39	CMS Sync — Monitoring, reports and diagnostic failure alerts
WAGR-458	Task	Requirements		WAGR-39	CMS Sync — Staging verification: Deals, lifecycle and integration engine
WAGR-459	Task	Requirements		WAGR-39	CMS Sync — Staging verification: Affiliate Links and Link lifecycle
WAGR-460	Task	Requirements		WAGR-39	CMS Sync — Production cutover
WAGR-462	Task	Requirements	Kobi Kunasekaran	WAGR-11	Commercial Terms — design and user stories
WAGR-463	Task	Requirements	Kobi Kunasekaran	WAGR-39	Deal lifecycle/CMS — close remaining design and contract follow-ups
WAGR-471	Task	Open	Kobi Kunasekaran	WAGR-11	Deal Name convention for multi-state and multi-region Deals — decision
WAGR-476	Task	In Progress	Cedrick Infantado		CMS Deal Sync – Test Deal payload and confirm Postgres connection and data access
WAGR-480	Story	Open	Taryn Reithofer	WAGR-305	Deals: Update Recently Viewed columns to match the All list view
WAGR-481	Story	Open	Taryn Reithofer	WAGR-305	Deal Rep Assignments: Update Recently Viewed columns to match the All list view
WAGR-482	Story	Open	Taryn Reithofer	WAGR-305	Deal Rep Assignments: Additional list views for reps (placeholder)
WAGR-485	Story	Requirements	Cedrick Infantado	WAGR-39	Deal — Lifecycle status controls and controlled actions
WAGR-486	Story	Requirements	Cedrick Infantado	WAGR-39	Deal — Lifecycle status tracking, Date fields and Effective End Date
WAGR-487	Story	Requirements		WAGR-39	Deal — Formula-qualified scheduled Active → Inactive at 90 days
WAGR-488	Story	Requirements		WAGR-39	Deal — Report Sign-Ups/click activity against non-live Deal states
WAGR-489	Story	Requirements		WAGR-39	Account — Protect Operator/Partner integration identity fields after Deal activation
WAGR-490	Story	Requirements		WAGR-39	Affiliate Link — Stable Link External ID
WAGR-491	Story	Requirements		WAGR-39	Affiliate Link — Exclude from CMS, publication markers and safe deletion
WAGR-492	Task	Cancelled		WAGR-39	Deal — Review Required status discovery [Cancelled — status removed]
WAGR-493	Task	Requirements		WAGR-39	CMS Sync — configuration and permission follow-up
WAGR-497	Story	Requirements		WAGR-39	Deal — Roll up Last Sign-Up First Click Date
WAGR-498	Story	Requirements		WAGR-39	Sign-Up — Stamp First Click Date and reactivate Inactive Deal from qualifying activity
WAGR-499	Story	Requirements		WAGR-39	Affiliate Link — Harden Link Code and Tracking URL storage for CMS
WAGR-500	Task	In Progress	Cedrick Infantado		Review Deal and CMS Integration User Stories 
WAGR-506	Task	Jumpr Review	Cedrick Infantado	WAGR-39	Deal — Final Deal Status value set (Draft, Active, Paused, Inactive, Closed, Archived)
WAGR-507	Task	Open	Cedrick Infantado	WAGR-39	Deal — Guided New Deal creation flow (Draft + optional Commercial Terms handoff)
WAGR-508	Task	Open		WAGR-39	Deal — Closed lifecycle behavior, locking and controlled reactivation
WAGR-509	Task	Open		WAGR-39	Affiliate Link — Evaluate and design Archived status / historical payload treatment
