start	summary	gemini_doc_id	organizer
2026-05-27T16:30	Jumpr <> WagerTech: Salesforce PRD Review	1Ena6Belr99QYL_8NGErffieYmagRvkfJaTH4wh49UX8	miko@jumpr.io
2026-05-28T15:00	Jumpr: Discovery	153GXa2Bxzi2tRciqHschinynA20rOR89xr4fkYer7_o	waleed@jumpr.io
2026-06-03T12:00	Jumpr - Wagertech Next Steps	1CiCF1Kmv2QPJOeKn7mRRoUY1G-tldtZ1rdeomsW_Cp8	miko@jumpr.io
2026-06-11T13:00	Wagertech Internal Kickoff	1DedsnznOnheJHpHnC6S0amkkwYgKFLHYVjrAjtPfR4o	miko@jumpr.io
2026-06-17T13:00	Jumpr <> Wagertech: Project Kickoff	19ydH1VZwOQoEuxb9ac6h7L3VlALDGDOHouCQIBlZhSs	kobi@jumpr.io
2026-06-17T14:00	WAGR: Jumpr <> Wagertech — Discovery Session 1: End-User Workflows	1F_CDVYrtcDOXqglUUKC7JlQmKNoqVgTwDLvJkMsasLY	kobi@jumpr.io
2026-06-22T14:00	Wagertech <> Jumpr - Deal and Rep Process Walkthrough	1U43h6sQbFVi-OdGj73ACl49QamJ37v5tOUyKh2bdFqo	kobi@jumpr.io
2026-06-23T12:00	Wagertech <> Jumpr: Weekly Sync	1VOksA01lWfH2MuQC8Kij-GuC6XLk6i4Qxd8ATqH99lw	kobi@jumpr.io
2026-07-02T12:30	Wagertech <> Jumpr: Weekly Sync	1WhC5CtEj9mfUGah3JNauSciksbhHBx4XUJJjHpY3MZI	kobi@jumpr.io
2026-07-07T11:30	Wagertech <> Jumpr: Weekly Sync	12mHjbaovzB2uxUmYbtpH5yrSxyApKN2guBFVg9sHb8g	kobi@jumpr.io
2026-07-08T12:00	Wagertech <> Jumpr: Onsite	1K4mtrALilx2qZQgk3hUlbgxWt6xvWHfmWykzkURAD_I	kobi@jumpr.io
2026-07-15T13:00	Wagertech <> Jumpr - Weekly Sync	1ZaKDI5I5hlJ2IodJE3tsctq_3Dh7b3ItLeCM6rkSDWw	kobi@jumpr.io
2026-07-22T11:30	Wagertech <> Jumpr: Weekly Sync	16d9Ml_jKuFTxVDKsLg_IM-GjYmYDY1zcjLv0Lb4HUOc	kobi@jumpr.io
2026-07-28T11:30	Wagertech <> Jumpr: Weekly Sync	1H8YO41flz7pV_TmS9brwXk8SuLwLq4yK3EQBKR0O48A	kobi@jumpr.io
2026-08-04T11:30	Wagertech <> Jumpr: Weekly Sync	1xGNzCciOMZEmH7qLoNWkuBEBSKVaqp-9rhaOk1sXXPM	kobi@jumpr.io
2026-08-11T11:30	Wagertech <> Jumpr: Weekly Sync	1aJiAPoOgq0TK5-yD9hgdiiBzevCgmt7l6OiwArIgAi8	kobi@jumpr.io
2026-08-18T11:30	Wagertech <> Jumpr: Weekly Sync	1Fl-nUYDNl_09n_XOmt_1IwGkw4NbxVt9RJg34wN4aT4	kobi@jumpr.io
2026-08-25T11:30	Wagertech <> Jumpr: Weekly Sync	18VbDvTkNOI2jZbgs2MB_fUFXPud0F17WZMwHoyfgZwc	kobi@jumpr.io
2026-09-23T11:30	Wagertech <> Jumpr: Weekly Sync	1OqZ3mFLP90ooY7B1A7LYUav3KZdthOZ0tg0IUHMgoSU	kobi@jumpr.io
