2026-06-11T13:00	Wagertech Internal Kickoff	1DedsnznOnheJHpHnC6S0amkkwYgKFLHYVjrAjtPfR4o
2026-06-17T13:00	Jumpr <> Wagertech: Project Kickoff	19ydH1VZwOQoEuxb9ac6h7L3VlALDGDOHouCQIBlZhSs
2026-06-17T14:00	WAGR: Jumpr <> Wagertech — Discovery Session 1: End-User Workflows	1F_CDVYrtcDOXqglUUKC7JlQmKNoqVgTwDLvJkMsasLY
2026-06-22T14:00	Wagertech <> Jumpr - Deal and Rep Process Walkthrough	1U43h6sQbFVi-OdGj73ACl49QamJ37v5tOUyKh2bdFqo
2026-06-23T12:00	Wagertech <> Jumpr: Weekly Sync	1VOksA01lWfH2MuQC8Kij-GuC6XLk6i4Qxd8ATqH99lw
2026-07-02T12:30	Wagertech <> Jumpr: Weekly Sync	1WhC5CtEj9mfUGah3JNauSciksbhHBx4XUJJjHpY3MZI
2026-07-07T11:30	Wagertech <> Jumpr: Weekly Sync	12mHjbaovzB2uxUmYbtpH5yrSxyApKN2guBFVg9sHb8g
2026-07-08T12:00	Wagertech <> Jumpr: Onsite	1K4mtrALilx2qZQgk3hUlbgxWt6xvWHfmWykzkURAD_I
2026-07-15T13:00	Wagertech <> Jumpr - Weekly Sync	1ZaKDI5I5hlJ2IodJE3tsctq_3Dh7b3ItLeCM6rkSDWw
2026-07-17T10:00	Wagertech <> Jumpr - 60 Min (Joyce Kiddell)	1nIeb88raxN_b-XOEu9-s_h4koc2YatZ5dMtfPJCnvfk
2026-07-21T10:15	Wagertech sync	1Uz7FMH0NPDz-Q-kruZjuXQBUaPIyYd7X-vY3jBA41jE
2026-07-22T11:30	Wagertech <> Jumpr: Weekly Sync	16d9Ml_jKuFTxVDKsLg_IM-GjYmYDY1zcjLv0Lb4HUOc
2026-07-24T12:00	Wagertech <> Jumpr: API Testing for SLC Creation in SF	1s7TcSk3RMgYl0hMcHx_I7bd0fi-9slv_uS2dnD5Jf48
2026-07-28T11:30	Wagertech <> Jumpr: Weekly Sync	1H8YO41flz7pV_TmS9brwXk8SuLwLq4yK3EQBKR0O48A
2026-07-28T12:30	Wagertech Debrief	12tPJUmOzUAdSVN57zaIR1fcIlb2vgmFRmBwVe9ugN_s
2026-08-04T11:00	Wagertech <> Jumpr: API Flow Testing	1EQoLsbDs7F2arujSytmCjxvw3llJOubt-9NdP8ynes4
2026-08-04T11:30	Wagertech <> Jumpr: Weekly Sync	1xGNzCciOMZEmH7qLoNWkuBEBSKVaqp-9rhaOk1sXXPM
2026-08-11T10:15	Wagertech	1FX7YYmVWbQ1wGDdu-TrRyvbDGBQFg__UCk65K_eP31w
2026-08-11T11:30	Wagertech <> Jumpr: Weekly Sync	1aJiAPoOgq0TK5-yD9hgdiiBzevCgmt7l6OiwArIgAi8
2026-08-13T15:00	Wagertech <> Jumpr - 60 Min (Joyce Kiddell)	1yMmaYdNbEExt5EiRXlfoaM3Ay_MA2mvHyfcf4wHKdnk
2026-08-18T11:30	Wagertech <> Jumpr: Weekly Sync	1Fl-nUYDNl_09n_XOmt_1IwGkw4NbxVt9RJg34wN4aT4
2026-08-18T16:00	Waleed <> Kobi	1mx_j1tHtikSMAyqX7QcLocITcjBmD1rht-mCxwXYJfM
2026-08-25T11:30	Wagertech <> Jumpr: Weekly Sync	18VbDvTkNOI2jZbgs2MB_fUFXPud0F17WZMwHoyfgZwc
2026-08-27T13:45	Emily / Kobi	1D8KFqRd0rrfNKA-W305BwM77PxKCPz7dtPlTFjYN-Nk
2026-09-01T10:00	Wagertech Internal Sync	12GwABoYfBJ9cKS0fm-hgB9LCf2JKSktWDdNhYVFGciY
2026-09-01T11:30	Wagertech <> Jumpr: Weekly Sync	1WY3GHUGD0gsKf0PAZ9UEMdqwc_ADEe4jyWfVHja4F4M
2026-09-02T10:00	Wagertech Internal Sync	1tkFsSEfwDYyMU7xEuRq97R0kXm5-U2WBeccmQmrfutc
2026-09-03T10:00	Wagertech Internal Sync	1J22sGmbExo5C8pFkEYqTDNaXn0jyEjt5IlVb7Sv9QIs
2026-09-03T16:00	Waleed <> Kobi	1mIAKuXEbZL5awLiIrYDTr-ce_Y5HrbVLfwcCZSHCNdE
2026-09-04T10:00	Wagertech Internal Sync	1Ir0UImIBQUbK6fjzXsfud4uBZ5Y6BBnyxJ5xD5uRjZk
2026-09-08T10:00	Wagertech Internal Sync	1i6uyZiK6VFMpqtGV4Bbf_K31ebu-9iESQbseHpCLqqM
2026-09-09T10:00	Wagertech Internal Sync	1bJLnrM4GCIqE2eNM9gjer2Z7LOAb3T7GxZLDSfBGIXk
2026-09-10T10:00	Wagertech Internal Sync	105UQMxR5Q2_0zDAaRddrflpaJr3UzQQTG8T0Jg0Y9Dw
2026-09-11T10:00	Wagertech Internal Sync	19ZQGQU3fY3pK13hQv2RKxsQHQVONb9RGeZMePUhkNnI
2026-09-11T11:00	Wagertech <> Jumpr: Weekly Sync	1nTJh6ZZT4bAu8E6I6QFypOcrIn1cpg9S2mVd6ayZsrk
2026-09-14T10:00	Wagertech Internal Sync	1cq085ByX9BG6Nbv5M9n7RWzu7RCRyEa3IJ-PqROQ57M
2026-09-15T10:00	Wagertech Internal Sync	1h2SgMWJYWCzRxjYFGRdK6JxDybAbdUdbsXVxp86rMNE
2026-09-16T15:00	Wagertech <> Jumpr: Redeposits Discovery	1jGh03en_7x5ut46kBBmjwy1W7U_8y4f39esW_RWyyJw
2026-09-17T10:00	Wagertech Internal Sync	1J0TqEVBndW_N0XilYITqlXDDN6_DlA0lvY4AU9W7iuU
2026-09-18T10:00	Wagertech Internal Sync	1w0SpOdlS7UOi3h2bIIiHVASKJ8KH3r7K67EsssD1ZVI
2026-09-21T10:00	Wagertech Internal Sync	1w2A32Rzl9cI9Sosq7N9kOL3Pb0EK54_cQSq3vFkRqFY
2026-09-21T11:00	Wagertech <> Jumpr: Redeposits Discovery Part 2	1Rd8YtBAAi-wZ4nX_7rdmvIuELQ9MUmFflVfvBBgtKtM
2026-09-21T15:00	Waleed <> Kobi	1_G1gqoGsu2A9fWHaRH8pEKOncYbIrGjGMpBcCDCKyyk
2026-09-22T10:30	Wagertech Internal Sync	1z-naRbHBKsrRqFuLqwQrPvpfZ2VhynB9481hzPUIB-Q
2026-09-23T10:00	Wagertech Internal Sync	1XqaTKp0iHvK9mQyxyaavweIsegSCFL_Y-RsSuggFw_8
2026-09-23T11:30	Wagertech <> Jumpr: Weekly Sync	1OqZ3mFLP90ooY7B1A7LYUav3KZdthOZ0tg0IUHMgoSU
2026-09-24T10:00	Wagertech Internal Sync	175d2YJXBi9GsXFJt1QNKWl4whzTOuW0jsPic_1NbxyA
2026-09-25T10:00	Wagertech Internal Sync	1p1BDs1zHdU8Xy8hJzFYoXm-ImAqaxowcbwaxOVN37Lc
2026-09-25T10:30	Wagertech <> Jumpr: Referral and Payouts Discovery	1Xk9ARYRAW_cgApOvPpaiThZVhXj_0zhhP6xuy410DH8
2026-09-28T10:00	Wagertech Internal Sync	1YJQGggRmVSQ2CvnicLhawuy7E0OEUUuqtDzB41KnNws
2026-09-29T10:00	Wagertech Internal Sync	12MWlWeTgOYKoaPgBHgaRwNAJciTW3VfI0WevQtj-uE8
2026-09-29T12:45	Kobi <> Cedrick - Wagertech Deal and CMS Integration Walkthrough 	1Ddjpcz8TJ0tjePqBNGiChvQFmo9f-Z0jwsqlYz24kI0
2026-09-30T10:00	Wagertech Internal Sync	1XxTa1qQ4oHQzdSfkz05h2TjWdRznDdzMQa_5-wtqzvo
2026-09-30T11:30	Wagertech <> Jumpr: Weekly Sync	1PR0JJJ9FMZzkINJUOCH1kRL6yGcZLuVX1I_n9Qv3CqM
2026-10-02T10:00	Wagertech Internal Sync	1RQs0GYsTBImtPwtgFkI3ZN69QYCscAC0PM7Lj0IahU0
2026-10-02T14:30	Wagertech <> Jumpr: CMS Integration Sync	1DfjjfKNC33p0ER-FAMhEsM7iSIPYjsUPPgtHuDSkTwE,1PR0JJJ9FMZzkINJUOCH1kRL6yGcZLuVX1I_n9Qv3CqM
