id	fileSize	parentId	createdTime	title
1aOAlM2D51w5N99K8lRSEgp3A2snAukKebs88E47v2mg	612370	1op70r6XUa5t7Ir4EMAB8G8tdJqqmIP6i	2026-07-29T18:46:48.842Z	Brand Ambassador Training - WagerTech
1NVYRczVYJ1gQueJld67TZXoTwNT35Ya1n7feA6O-hl4	46697	1LBOfzLBDYH0JTDNkwOxL3n2mPxGwFpmn	2026-06-29T16:46:46.731Z	Copy of Jumpr <> Wagertech: Project Kickoff - 2026/06/17 13:00 EDT - Notes by Gemini
1f4-COeGpczf6SXHupJl5AuyVlr56ihOKnxlSUHksj1M	59163	1LBOfzLBDYH0JTDNkwOxL3n2mPxGwFpmn	2026-06-29T16:46:55.446Z	Copy of WAGR: Jumpr <> Wagertech — Discovery Session 1: End-User Workflows - 2026/06/17 14:00 EDT - Notes by Gemini
1jWUVgbd01X_mvy-3AA8Nh4fze-6umXpYHGjFpb3oCKQ	48950	1LBOfzLBDYH0JTDNkwOxL3n2mPxGwFpmn	2026-06-29T16:46:41.038Z	Copy of Wagertech <> Jumpr - Deal and Rep Process Walkthrough - 2026/06/22 13:59 EDT - Notes by Gemini
148mZU8zr89qI0kKYlRpzSrLhaH9GW07416rwlwPSa_w	63237	1LBOfzLBDYH0JTDNkwOxL3n2mPxGwFpmn	2026-07-16T14:19:31.458Z	Copy of Wagertech <> Jumpr - Weekly Sync - 2026/07/15 13:00 EDT - Notes by Gemini
15C5T9TYoXgdX8nRAxJy-qpEvCb4gdzWUzTlLF_Wqr-Y	52628	1LBOfzLBDYH0JTDNkwOxL3n2mPxGwFpmn	2026-06-29T16:46:35.389Z	Copy of Wagertech <> Jumpr: Weekly Sync - 2026/06/23 12:00 EDT - Notes by Gemini
1W1TjjuHB6Khmp8pnmj_CJN4MwWdkd-LLtUmK3dWZePk	54190	1LBOfzLBDYH0JTDNkwOxL3n2mPxGwFpmn	2026-07-03T14:27:29.122Z	Copy of Wagertech <> Jumpr: Weekly Sync - 2026/07/02 12:30 EDT - Notes by Gemini
1l46VdcIo3-XB-1jIEDEJD3YjxsLB90kn7rPSz-ED6MI	43486	1LBOfzLBDYH0JTDNkwOxL3n2mPxGwFpmn	2026-07-08T18:13:51.827Z	Copy of Wagertech <> Jumpr: Weekly Sync - 2026/07/07 11:30 EDT - Notes by Gemini
1CiCF1Kmv2QPJOeKn7mRRoUY1G-tldtZ1rdeomsW_Cp8	40875	1nJ0yCVTgj7lGPdSSXctshhA4Wz53rlCx	2026-06-03T17:04:58.884Z	Jumpr - Wagertech Next Steps - 2026/06/03 12:00 EDT - Notes by Gemini
1CerTRrsVd3zppva6EJ0oC1oxmkiVpnAsqtwlkL2xtl0	40995	0AGuSWA9erI5-Uk9PVA	2026-09-02T00:16:54.495Z	Jumpr - Wagertech Next Steps - 2026/06/03 12:00 EDT - Notes by Gemini
1Ha5oDS_JGfc-esDrrTVH_KnFVlX5hAYUzSz7dVUOmo4	32538	1cGr2G_1G_M2GAsVJGELWAoiov0fUq8B2	2026-09-06T19:05:23.655Z	Jumpr <> WagerTech: Salesforce PRD Review - 2026/05/27 16:30 EDT - Notes by Gemini
1Ena6Belr99QYL_8NGErffieYmagRvkfJaTH4wh49UX8	32444	1nJ0yCVTgj7lGPdSSXctshhA4Wz53rlCx	2026-05-27T22:13:00.082Z	Jumpr <> WagerTech: Salesforce PRD Review - 2026/05/27 16:30 EDT - Notes by Gemini
1hXByo3V2ifDqKIRbq29uKr6_Byf-D1kNVthamE2qFnk	32538	0AGuSWA9erI5-Uk9PVA	2026-09-02T00:16:50.050Z	Jumpr <> WagerTech: Salesforce PRD Review - 2026/05/27 16:30 EDT - Notes by Gemini
1A44vvYCwMm62m9KF7XbI4p33qpxIbN9T_r5AHCKH4RQ	46703	1cGr2G_1G_M2GAsVJGELWAoiov0fUq8B2	2026-09-06T19:03:02.361Z	Jumpr <> Wagertech: Project Kickoff - 2026/06/17 13:00 EDT - Notes by Gemini
1IlxY26E2zPDnYbUaqL_WeqcdUGlR9OEw2nNA27Cwdf0	46703	0AGuSWA9erI5-Uk9PVA	2026-09-01T22:51:37.535Z	Jumpr <> Wagertech: Project Kickoff - 2026/06/17 13:00 EDT - Notes by Gemini
19ydH1VZwOQoEuxb9ac6h7L3VlALDGDOHouCQIBlZhSs	46611		2026-06-17T18:10:41.062Z	Jumpr <> Wagertech: Project Kickoff - 2026/06/17 13:00 EDT - Notes by Gemini
1bjz52fpzOYBzelx9oZvJPq0ESuf_CK9K_o07JUrj4zU	165862		2026-06-08T13:25:58.988Z	Jumpr SOW: WagerTech Salesforce Implementation
1I0AcGrCmYZS_HdseGDxxfng_I4kBoR2V_qyH8PUzllk	19029	0AOPwZ3Apq9HQUk9PVA	2026-06-09T21:24:52.055Z	Jumpr SOW_ WagerTech Salesforce Implementation
12vbA9gL7ne04yz4gZ5SbVjVMHLY5uy-gO4k2gUV29qQ	1472651	1cGr2G_1G_M2GAsVJGELWAoiov0fUq8B2	2026-09-29T18:52:38.143Z	Kobi <> Cedrick - Wagertech Deal and CMS Integration Walkthrough  - 2026/09/29 12:45 EDT - Notes by Gemini
1JZiwrH_n9utB5813-ug4UOQlD1_nRCRRGNm5cprI1zQ	1472651	0AGuSWA9erI5-Uk9PVA	2026-09-29T18:33:10.538Z	Kobi <> Cedrick - Wagertech Deal and CMS Integration Walkthrough  - 2026/09/29 12:45 EDT - Notes by Gemini
1lK3FxzUuwQFuSN3sTU7vF4ooq8CbZK8Qt2Yp7gldCxg	59175	1cGr2G_1G_M2GAsVJGELWAoiov0fUq8B2	2026-09-06T20:17:09.153Z	WAGR: Jumpr <> Wagertech — Discovery Session 1: End-User Workflows - 2026/06/17 14:00 EDT - Notes by Gemini
1F_CDVYrtcDOXqglUUKC7JlQmKNoqVgTwDLvJkMsasLY	59092		2026-06-17T19:37:28.662Z	WAGR: Jumpr <> Wagertech — Discovery Session 1: End-User Workflows - 2026/06/17 14:00 EDT - Notes by Gemini
1TkGki1fga3KIsGjh_V-G7_BOZ4F6TdYLZfMz1ynaD7U	59175	0AGuSWA9erI5-Uk9PVA	2026-09-01T22:51:45.222Z	WAGR: Jumpr <> Wagertech — Discovery Session 1: End-User Workflows - 2026/06/17 14:00 EDT - Notes by Gemini
1n2I_VNuzCbCorj0mP_bfavXKb3ZIMDB3iJwnIfPig6s	26357	1BwKgiF6F_OuInKMEQBjBP6DdJ0sNd9xw	2026-06-29T13:32:05.303Z	WagerTech : Storage
1WPyYE_EKRXHTfmwb9vwb8ieU4KVHyCaC6fJbZck4Rq4	122666	0AOPwZ3Apq9HQUk9PVA	2026-05-26T18:51:50.755Z	WagerTech PRD
19qadDPecW6j5H08gGoDnuf5giA4Te9fRgq10eTasFoU	11235	1rKG9FgbA-ZOkSlKw3lKac9MapdhbxFLD	2026-09-17T13:38:11.618Z	WagerTech Redeposit — Requirements & Open Questions
1AOpDJOuM7vU5aUzL6ZyAbBkbtdD4ItjCxnuihQWKwpI	7343	1rKG9FgbA-ZOkSlKw3lKac9MapdhbxFLD	2026-09-21T15:42:16.911Z	WagerTech — Phase 1 Outstanding
1ambRYMVYXa7VxNlHSFsF8DBEvyuCvRfIXADiUFVliFs	17895	12QIO6AeDJMOjmoSlRWBGQzkt28F1K_N0	2026-09-16T14:17:15.494Z	WagerTech-Redeposit-Workflow-Design-Plan_3
179HmcRaKru6RE8xAcvCrsyEN9AGlchiYjAH66BBaXfo	209958	1gm1b5aFbP-gr7DKCNEi1j7pXUTijp6Zf	2026-09-23T15:08:11.145Z	WagerTech-Referral-Payment-Workflow-Design-Plan
1ShxHdE6kxblGnih7VQzXbBx1eL0sC6XAD-fk8H6V9yw	654875	120Otgkex6sDzJkxQEWAMSNzqV0ef8VXx	2026-08-31T13:09:07.015Z	WagerTech: Brand Ambassador — Build Walkthrough 08/31
1Z0ylVVSW0l7FvZZvMy6YPg1cqfYwQ7QVx6kZ9XX9TEM	2592	0AOPwZ3Apq9HQUk9PVA	2026-06-11T17:32:36.270Z	WagerTech: Client Kickoff Readiness Checklist
1L8FrdCQ9D3VheSFsn9lfc49rtVBOIGdj5OCEXq3oNu8	3922	0AOPwZ3Apq9HQUk9PVA	2026-06-11T17:35:58.114Z	WagerTech: Client Kickoff Readiness Checklist (v2 — incl. AI-legibility)
1rA6wTcVOFdstfhumSpffYWSMQ711nvkVZtUMUVA0YfI	865596	120Otgkex6sDzJkxQEWAMSNzqV0ef8VXx	2026-08-28T18:13:10.612Z	WagerTech: Operator & Partner — Build Walkthrough 08/29
10stmswz47ymkp4nst1RtTWJCug4Vp6d-h2EIKHhyv5I	24248	1BwKgiF6F_OuInKMEQBjBP6DdJ0sNd9xw	2026-06-24T20:55:26.890Z	WagerTech: Platform License Deep Dive
1mp3b1qpJkzKNDztEQpdnv-BYCgUgDdXe5jLuJi-ix1U	1677491	120Otgkex6sDzJkxQEWAMSNzqV0ef8VXx	2026-09-01T14:21:52.032Z	WagerTech: Player & Referrer — Build Walkthrough 09/01
1w_ixyqmLuzZdCNvltZeDUXY6fdo88Ei60KGspB_jGCY	551993	1op70r6XUa5t7Ir4EMAB8G8tdJqqmIP6i	2026-08-11T18:56:20.325Z	WagerTech: System Admin Playbook WIP
1KDsgXLUGtixjSIgKmW9HAGNMeoMoi1hKpBqGH4i8yBs	408880	1pwxQgGoRXhbPdmV8UHoFClmE1zAow-wN	2026-09-03T14:13:32.377Z	WagerTechCMSDealsWebhookSalesforceIntegration v1
1nCu_9Xw4FcIU_Sdht69XieH8lvg6I2v1T3JnTSCz-so	51264	1LBOfzLBDYH0JTDNkwOxL3n2mPxGwFpmn	2026-07-14T00:16:04.164Z	Wagertech &lt;&gt; Jumpr: Onsite - 2026/07/08 12:00 EDT - Notes by Gemini
1Zd2YCtUmJkkT6LOpWVI_AipSlYx4yo_PMzU684wtkrI	13417	1cGr2G_1G_M2GAsVJGELWAoiov0fUq8B2	2026-09-06T19:02:11.418Z	Wagertech - 2026/08/11 10:16 EDT - Transcript
1EqMuy7vFiWMnqZXgL31lxKw6d7DKZWceurLchbjgd_w	13417	0AGuSWA9erI5-Uk9PVA	2026-09-01T21:48:10.471Z	Wagertech - 2026/08/11 10:16 EDT - Transcript
1uCoi6pw3ckVsTv1im7Qc235RyfAUqb7UGFJs2Pd6uMY	52186	0AGuSWA9erI5-Uk9PVA	2026-09-01T22:49:00.333Z	Wagertech <> Jumpr - 60 Min (Joyce Kiddell) - 2026/07/17 10:00 EDT - Notes by Gemini
1ToIxe1Vwn-KCI33INEygsFdbME6zWmIgZ6f4zukuf0E	52186	1LBOfzLBDYH0JTDNkwOxL3n2mPxGwFpmn	2026-07-20T15:38:44.842Z	Wagertech <> Jumpr - 60 Min (Joyce Kiddell) - 2026/07/17 10:00 EDT - Notes by Gemini
1jcr9oC55uUZqovDGyI_odU0PSFQdavpADjF3c_R443s	873600	1cGr2G_1G_M2GAsVJGELWAoiov0fUq8B2	2026-09-06T20:18:49.535Z	Wagertech <> Jumpr - 60 Min (Joyce Kiddell) - 2026/08/13 15:01 EDT - Notes by Gemini
1KIvFy957yL5X0hoIrliE6O9ew6sFsNOav2HTj27ONxs	873604	0AGuSWA9erI5-Uk9PVA	2026-09-01T22:45:50.370Z	Wagertech <> Jumpr - 60 Min (Joyce Kiddell) - 2026/08/13 15:01 EDT - Notes by Gemini
10ss5XWQ6p7jR_XtiMlma1ZYzg_ZrgPMae3OhStfJtmE	48962	1cGr2G_1G_M2GAsVJGELWAoiov0fUq8B2	2026-09-06T20:17:24.830Z	Wagertech <> Jumpr - Deal and Rep Process Walkthrough - 2026/06/22 13:59 EDT - Notes by Gemini
1nLGKOBEcErpxJSj2aU1a0nSmyEBSdNoU7Lc2WkBKCpw	48962	0AGuSWA9erI5-Uk9PVA	2026-09-01T22:51:16.335Z	Wagertech <> Jumpr - Deal and Rep Process Walkthrough - 2026/06/22 13:59 EDT - Notes by Gemini
1U43h6sQbFVi-OdGj73ACl49QamJ37v5tOUyKh2bdFqo	48837		2026-06-22T19:08:06.240Z	Wagertech <> Jumpr - Deal and Rep Process Walkthrough - 2026/06/22 13:59 EDT - Notes by Gemini
1Grl2_TpsgmgP8a-4GCRLXkKYQukPwldrg22d_gmRiWQ	63237	1cGr2G_1G_M2GAsVJGELWAoiov0fUq8B2	2026-09-06T20:17:51.167Z	Wagertech <> Jumpr - Weekly Sync - 2026/07/15 13:00 EDT - Notes by Gemini
1QEcPsELNOlJUDL33IMdrW9kGwF9xhfD1P8JV1-No3aI	63237	0AGuSWA9erI5-Uk9PVA	2026-09-01T22:49:14.369Z	Wagertech <> Jumpr - Weekly Sync - 2026/07/15 13:00 EDT - Notes by Gemini
1ZaKDI5I5hlJ2IodJE3tsctq_3Dh7b3ItLeCM6rkSDWw	63163		2026-07-15T18:50:54.676Z	Wagertech <> Jumpr - Weekly Sync - 2026/07/15 13:00 EDT - Notes by Gemini
1j76J441kWyMC_5v1YGSyB293e2Ock2poqC_K-mZrab8	25232	1cGr2G_1G_M2GAsVJGELWAoiov0fUq8B2	2026-09-06T19:31:13.966Z	Wagertech <> Jumpr: API Flow Testing - 2026/08/04 11:01 EDT - Notes by Gemini
1sE8JbbXpOWIEqRiBd1TOLG7A_HMJZE_zJGNh0S-LLoo	25232	0AGuSWA9erI5-Uk9PVA	2026-09-01T23:32:24.747Z	Wagertech <> Jumpr: API Flow Testing - 2026/08/04 11:01 EDT - Notes by Gemini
1G_QwMOz64F8TIirJ3N-heXuYZQtNOUx1F_uwiKCzKOs	25232	1LBOfzLBDYH0JTDNkwOxL3n2mPxGwFpmn	2026-08-13T20:27:03.891Z	Wagertech <> Jumpr: API Flow Testing - 2026/08/04 11:01 EDT - Notes by Gemini
1aheMbgqCGWjhQ9TEAUh_L1NcYaugqYrBgwZAoEJ8BjY	45403	0AGuSWA9erI5-Uk9PVA	2026-09-01T22:47:55.910Z	Wagertech <> Jumpr: API Testing for SLC Creation in SF - 2026/07/24 12:01 EDT - Notes by Gemini
1gDzbQOJFYacl3mm4zMidFZa3TTfQ20V_nFI277RLvUk	1180	1cGr2G_1G_M2GAsVJGELWAoiov0fUq8B2	2026-10-02T20:50:35.688Z	Wagertech <> Jumpr: CMS Integration Sync - 2026/10/02 14:31 EDT - Notes by Gemini
17XOQ_K3__A7lab6B_UqrFF_w_bc3x6T4JSH5U4N9pkk	1180	0AGuSWA9erI5-Uk9PVA	2026-10-02T20:03:14.823Z	Wagertech <> Jumpr: CMS Integration Sync - 2026/10/02 14:31 EDT - Notes by Gemini
1NwBfx21p4Y0Vd04q67s2NgssudX_-XnjuktiXh0JreI	51264	1cGr2G_1G_M2GAsVJGELWAoiov0fUq8B2	2026-09-06T19:01:26.535Z	Wagertech <> Jumpr: Onsite - 2026/07/08 12:00 EDT - Notes by Gemini
1HfXbxI-Vo6x9n6GskNT42mV4hvtRmKstAvqvyLkqpFU	51264	0AGuSWA9erI5-Uk9PVA	2026-09-01T22:49:28.363Z	Wagertech <> Jumpr: Onsite - 2026/07/08 12:00 EDT - Notes by Gemini
1K4mtrALilx2qZQgk3hUlbgxWt6xvWHfmWykzkURAD_I	51252		2026-07-08T17:54:18.088Z	Wagertech <> Jumpr: Onsite - 2026/07/08 12:00 EDT - Notes by Gemini
1Mz6y7tAmAueI5M46XEfxgNPpBf99QhYtgPHTisYQ94c	1180	1rx9DbkBOd2SC7o18L9miNTRFugtlu_De	2026-09-16T21:55:46.211Z	Wagertech <> Jumpr: Redeposits Discovery - 2026/09/16 15:00 EDT - Notes by Gemini
1trRf1h2JaPWaoXfWM7bMdgQaka4aKriiDuxW_8ju8v0	1180	0AGuSWA9erI5-Uk9PVA	2026-09-16T20:48:09.870Z	Wagertech <> Jumpr: Redeposits Discovery - 2026/09/16 15:00 EDT - Notes by Gemini
1yKF9Ti2Flmefnkog3nBkherM0g5KkkEdIJzoR6j6RxM	205828	1rx9DbkBOd2SC7o18L9miNTRFugtlu_De	2026-09-21T17:34:45.432Z	Wagertech <> Jumpr: Redeposits Discovery Part 2 - 2026/09/21 11:00 EDT - Notes by Gemini
1kuSbDV41Vzk0IYkDPAX5fmbOK124oNpXVZW27MXc8fo	205828	0AGuSWA9erI5-Uk9PVA	2026-09-21T16:32:32.379Z	Wagertech <> Jumpr: Redeposits Discovery Part 2 - 2026/09/21 11:00 EDT - Notes by Gemini
1297TNkbv9TV2Gtwb8xsPXXRXjWqOHSzQdmnbXJgLrsw	936638	1rx9DbkBOd2SC7o18L9miNTRFugtlu_De	2026-09-25T16:46:18.360Z	Wagertech <> Jumpr: Referral and Payouts Discovery - 2026/09/25 10:30 EDT - Notes by Gemini
1nDqzQjF1rarxFfb1na3D6zNbNff8YWspsmd5nicAkIc	936637	0AGuSWA9erI5-Uk9PVA	2026-09-25T16:17:37.213Z	Wagertech <> Jumpr: Referral and Payouts Discovery - 2026/09/25 10:30 EDT - Notes by Gemini
1idkBBrSaHwABogsxRl8pwwhqW6ZUBqZAKSG1x9ZqKnY	52644	1cGr2G_1G_M2GAsVJGELWAoiov0fUq8B2	2026-09-06T20:17:25.836Z	Wagertech <> Jumpr: Weekly Sync - 2026/06/23 12:00 EDT - Notes by Gemini
1aO707T8f9VdGx46dJtwYZ1LtLAeOK_QEE0pmEPrnq3A	52644	0AGuSWA9erI5-Uk9PVA	2026-09-01T22:50:54.082Z	Wagertech <> Jumpr: Weekly Sync - 2026/06/23 12:00 EDT - Notes by Gemini
1VOksA01lWfH2MuQC8Kij-GuC6XLk6i4Qxd8ATqH99lw	52521		2026-06-23T17:17:09.050Z	Wagertech <> Jumpr: Weekly Sync - 2026/06/23 12:00 EDT - Notes by Gemini
1kuuQd6CVZyatxvznKIOeYyLTZu76r2Qk8T7qQgUDbRg	54198	1cGr2G_1G_M2GAsVJGELWAoiov0fUq8B2	2026-09-06T20:17:27.054Z	Wagertech <> Jumpr: Weekly Sync - 2026/07/02 12:30 EDT - Notes by Gemini
1iSnNV9ox3DL5uFuZl6ADxVooayDcP2wn8EuVzHuOH0I	54198	0AGuSWA9erI5-Uk9PVA	2026-09-01T22:50:08.385Z	Wagertech <> Jumpr: Weekly Sync - 2026/07/02 12:30 EDT - Notes by Gemini
1WhC5CtEj9mfUGah3JNauSciksbhHBx4XUJJjHpY3MZI	54106		2026-07-02T17:54:41.408Z	Wagertech <> Jumpr: Weekly Sync - 2026/07/02 12:30 EDT - Notes by Gemini
1Jvbrpe7dyAZDHPV8gh52rRuZr2INnHNwIrUxIvQ6Oxk	43500	1cGr2G_1G_M2GAsVJGELWAoiov0fUq8B2	2026-09-06T20:17:48.411Z	Wagertech <> Jumpr: Weekly Sync - 2026/07/07 11:30 EDT - Notes by Gemini
1pZuTmF-f6Skc1qdK3WQpe5NHBU8eOj7hRjp7kifwoDw	43500	0AGuSWA9erI5-Uk9PVA	2026-09-01T22:49:40.141Z	Wagertech <> Jumpr: Weekly Sync - 2026/07/07 11:30 EDT - Notes by Gemini
12mHjbaovzB2uxUmYbtpH5yrSxyApKN2guBFVg9sHb8g	43372		2026-07-07T16:40:10.266Z	Wagertech <> Jumpr: Weekly Sync - 2026/07/07 11:30 EDT - Notes by Gemini
1BRZjXegzlnfZl33fIRA1KbnDiGYIpBts2oh3IO0U45k	59238	1cGr2G_1G_M2GAsVJGELWAoiov0fUq8B2	2026-09-06T20:18:10.010Z	Wagertech <> Jumpr: Weekly Sync - 2026/07/22 11:30 EDT - Notes by Gemini
1YGe-KenVg-FbGka2KetMSb6uciTDtDfn_HHNpX-gXZY	59238	0AGuSWA9erI5-Uk9PVA	2026-09-01T22:48:16.829Z	Wagertech <> Jumpr: Weekly Sync - 2026/07/22 11:30 EDT - Notes by Gemini
16d9Ml_jKuFTxVDKsLg_IM-GjYmYDY1zcjLv0Lb4HUOc	59167		2026-07-22T17:02:17.593Z	Wagertech <> Jumpr: Weekly Sync - 2026/07/22 11:30 EDT - Notes by Gemini
1IRZzgP5B3QjwnTr22i8LH2sceGC_oIm41z0cpTw9YDk	51336	1cGr2G_1G_M2GAsVJGELWAoiov0fUq8B2	2026-09-06T20:18:34.470Z	Wagertech <> Jumpr: Weekly Sync - 2026/07/28 11:30 EDT - Notes by Gemini
1zeuehHBlO3kvsplvjyv5wQd1vSAp5vFzX34i2jNAsGM	51336	0AGuSWA9erI5-Uk9PVA	2026-09-01T22:47:08.176Z	Wagertech <> Jumpr: Weekly Sync - 2026/07/28 11:30 EDT - Notes by Gemini
1H8YO41flz7pV_TmS9brwXk8SuLwLq4yK3EQBKR0O48A	51277		2026-07-28T16:47:11.921Z	Wagertech <> Jumpr: Weekly Sync - 2026/07/28 11:30 EDT - Notes by Gemini
1qoeReC_d1lNhIUy6wPvod86hWbumfSD2FFHxScMZZC0	51336	1LBOfzLBDYH0JTDNkwOxL3n2mPxGwFpmn	2026-08-05T15:01:08.993Z	Wagertech <> Jumpr: Weekly Sync - 2026/07/28 11:30 EDT - Notes by Gemini
1xGNzCciOMZEmH7qLoNWkuBEBSKVaqp-9rhaOk1sXXPM	44034		2026-08-04T16:40:08.554Z	Wagertech <> Jumpr: Weekly Sync - 2026/08/04 11:30 EDT - Notes by Gemini
1uimd4HPe40Rzv1almUeCtav79O7shBM-zrcISYEmml4	44119	0AGuSWA9erI5-Uk9PVA	2026-09-01T23:32:19.227Z	Wagertech <> Jumpr: Weekly Sync - 2026/08/04 11:30 EDT - Notes by Gemini
1GBUynP1PZgZ0qMCy3NXG0wTq5dSC-osox9QnAwfpipc	44119	1LBOfzLBDYH0JTDNkwOxL3n2mPxGwFpmn	2026-08-13T20:26:45.665Z	Wagertech <> Jumpr: Weekly Sync - 2026/08/04 11:30 EDT - Notes by Gemini
1Qw_rUiBDniWRNlPQ1St7C7VbJ5rCPriZCrMoUeCHGV8	1452740	1cGr2G_1G_M2GAsVJGELWAoiov0fUq8B2	2026-09-06T19:31:32.813Z	Wagertech <> Jumpr: Weekly Sync - 2026/08/11 11:30 EDT - Notes by Gemini
1aJiAPoOgq0TK5-yD9hgdiiBzevCgmt7l6OiwArIgAi8	1452628		2026-08-11T16:40:54.913Z	Wagertech <> Jumpr: Weekly Sync - 2026/08/11 11:30 EDT - Notes by Gemini
1ljmfO-9LnikkH7tMPqgCdslfYAJPGnHvrRUCpmMHHrc	1452744	0AGuSWA9erI5-Uk9PVA	2026-09-01T23:31:58.611Z	Wagertech <> Jumpr: Weekly Sync - 2026/08/11 11:30 EDT - Notes by Gemini
11e78pMsUFKi69gxV-lbsZ0J3JucYqubPqRxA7-gbbro	1452746	1LBOfzLBDYH0JTDNkwOxL3n2mPxGwFpmn	2026-08-13T20:27:33.363Z	Wagertech <> Jumpr: Weekly Sync - 2026/08/11 11:30 EDT - Notes by Gemini
1SOoE_HqRKzBFtDRxNkR4kLvamf4T_r3bS_uem79bYi0	585773	1cGr2G_1G_M2GAsVJGELWAoiov0fUq8B2	2026-09-06T18:54:14.189Z	Wagertech <> Jumpr: Weekly Sync - 2026/08/18 11:30 EDT - Notes by Gemini
1Fl-nUYDNl_09n_XOmt_1IwGkw4NbxVt9RJg34wN4aT4	585697		2026-08-18T17:24:04.917Z	Wagertech <> Jumpr: Weekly Sync - 2026/08/18 11:30 EDT - Notes by Gemini
15DnS6RD_ZmifOSAYfcaWhkjo8lTh1F1iIClF-dCKSOc	585773	0AGuSWA9erI5-Uk9PVA	2026-09-01T22:44:55.392Z	Wagertech <> Jumpr: Weekly Sync - 2026/08/18 11:30 EDT - Notes by Gemini
1hV8dTZ4odPgdD1SD-Y9NBFAVepAHPv1FtJHd8T20igo	721573	1cGr2G_1G_M2GAsVJGELWAoiov0fUq8B2	2026-09-06T18:58:21.399Z	Wagertech <> Jumpr: Weekly Sync - 2026/08/25 11:30 EDT - Notes by Gemini
1p5d19B1_qzCIUvyZqdR2bDtmYlpriFBrNVDS1QSlOMQ	721573	1cGr2G_1G_M2GAsVJGELWAoiov0fUq8B2	2026-09-06T18:58:18.637Z	Wagertech <> Jumpr: Weekly Sync - 2026/08/25 11:30 EDT - Notes by Gemini
1qmkmwas5B0sh2fWajHTfV22fC0_yCqg1gw1ejOSPqdU	721571	1cGr2G_1G_M2GAsVJGELWAoiov0fUq8B2	2026-09-06T18:58:05.695Z	Wagertech <> Jumpr: Weekly Sync - 2026/08/25 11:30 EDT - Notes by Gemini
18VbDvTkNOI2jZbgs2MB_fUFXPud0F17WZMwHoyfgZwc	721498		2026-08-25T16:17:57.752Z	Wagertech <> Jumpr: Weekly Sync - 2026/08/25 11:30 EDT - Notes by Gemini
1AHFj-_VHPCYGHjhvOBktfuuhOeZNifuPbnUuvBQk6qw	721573	0AGuSWA9erI5-Uk9PVA	2026-09-01T22:43:50.461Z	Wagertech <> Jumpr: Weekly Sync - 2026/08/25 11:30 EDT - Notes by Gemini
1wmGMiVLLsLjkMh9s3WRUNqJd5AxHlqXEO6Ll8rL1_uo	643470	0AGuSWA9erI5-Uk9PVA	2026-09-01T22:42:33.828Z	Wagertech <> Jumpr: Weekly Sync - 2026/09/01 11:30 EDT - Notes by Gemini
1JrZTaJQB49Swpnz3SjTb-o-E28mRHEmGWaQCU-TMm5c	370272	1rx9DbkBOd2SC7o18L9miNTRFugtlu_De	2026-09-11T16:47:44.368Z	Wagertech <> Jumpr: Weekly Sync - 2026/09/11 11:00 EDT - Notes by Gemini
1zJK0oJwwv4x5M-OlBcgd5LxujeA1ppa9y_UpDLSCMLQ	370273	0AGuSWA9erI5-Uk9PVA	2026-09-11T16:17:38.892Z	Wagertech <> Jumpr: Weekly Sync - 2026/09/11 11:00 EDT - Notes by Gemini
14qj2c7XQWrT1KJJhEV34u7rF5KBJU6xMUIPWNfyNDVk	1049584	1rx9DbkBOd2SC7o18L9miNTRFugtlu_De	2026-09-23T19:08:16.168Z	Wagertech <> Jumpr: Weekly Sync - 2026/09/23 11:30 EDT - Notes by Gemini
1OqZ3mFLP90ooY7B1A7LYUav3KZdthOZ0tg0IUHMgoSU	1049588		2026-09-23T17:07:13.832Z	Wagertech <> Jumpr: Weekly Sync - 2026/09/23 11:30 EDT - Notes by Gemini
1xhYqvjwWwQmxG7h_6lR4pBpX0YbvT-wIduKsxASXIv8	1049581	0AGuSWA9erI5-Uk9PVA	2026-09-23T17:18:10.054Z	Wagertech <> Jumpr: Weekly Sync - 2026/09/23 11:30 EDT - Notes by Gemini
1pc9pSc8tFg_8IuqTrOcRpNaRF9l8hiB6sjpqizzbqZo	3469652	1cGr2G_1G_M2GAsVJGELWAoiov0fUq8B2	2026-09-30T20:53:11.030Z	Wagertech <> Jumpr: Weekly Sync - 2026/09/30 11:30 EDT - Notes by Gemini
1hCWMXnrbFYPl6bRqzqYED89EqERlA5oGToSy1lxEyHc	3469651	0AGuSWA9erI5-Uk9PVA	2026-09-30T19:32:27.331Z	Wagertech <> Jumpr: Weekly Sync - 2026/09/30 11:30 EDT - Notes by Gemini
1lTk99z63ML8POw5V7biIPjj40r6IKFg-3-DehNWxpns	21138	0AGuSWA9erI5-Uk9PVA	2026-09-01T22:47:01.729Z	Wagertech Debrief - 2026/07/28 12:44 EDT - Notes by Gemini
1ZjxtKxAUifbnDi5idoc4M4ZmkVO3pAcM9ipspjsRaLY	21138	1LBOfzLBDYH0JTDNkwOxL3n2mPxGwFpmn	2026-08-05T15:01:52.951Z	Wagertech Debrief - 2026/07/28 12:44 EDT - Notes by Gemini
1VLSpzYsg65ncEtNqzm0T5PuAXzpSCysaRlYfhVCnRAU	36892	1cGr2G_1G_M2GAsVJGELWAoiov0fUq8B2	2026-09-06T19:05:55.339Z	Wagertech Internal Kickoff - 2026/06/11 13:49 EDT - Notes by Gemini
1DedsnznOnheJHpHnC6S0amkkwYgKFLHYVjrAjtPfR4o	36866	1nJ0yCVTgj7lGPdSSXctshhA4Wz53rlCx	2026-06-11T18:53:17.196Z	Wagertech Internal Kickoff - 2026/06/11 13:49 EDT - Notes by Gemini
1TLlcuSoocZvyto4UYQ0Yzjdeap_8GenBBs4GGfH-too	36892	0AGuSWA9erI5-Uk9PVA	2026-09-02T00:16:03.465Z	Wagertech Internal Kickoff - 2026/06/11 13:49 EDT - Notes by Gemini
1ZR6vkGVxwjeKaOC5zQRB0uToAaIEZAfCHP59_eGYruk	130894	0AGuSWA9erI5-Uk9PVA	2026-09-02T01:12:35.648Z	Wagertech Internal Sync - 2026/09/01 10:00 EDT - Notes by Gemini
1x5cmL9s4EIIu8Ck_CFAzI2unNtzzsaVCK7PUDiVuROU	130894	0AGuSWA9erI5-Uk9PVA	2026-09-01T22:42:42.090Z	Wagertech Internal Sync - 2026/09/01 10:00 EDT - Notes by Gemini
1ud_G-gt2IDycO7KSx0bjhIM7CQwzRVuZ0a9NB80buiM	998028	1cGr2G_1G_M2GAsVJGELWAoiov0fUq8B2	2026-09-06T18:45:38.675Z	Wagertech Internal Sync - 2026/09/02 10:00 EDT - Notes by Gemini
1S4id0XBPKNPTGlt-MP63lh0uq_5cym4iu1AWESkRzQE	998031	0AGuSWA9erI5-Uk9PVA	2026-09-03T14:43:20.907Z	Wagertech Internal Sync - 2026/09/02 10:00 EDT - Notes by Gemini
1y57PArEtR_WrDVNsTMP8P4PVl_VoWfEqhVhlV-1vPvE	530377	1cGr2G_1G_M2GAsVJGELWAoiov0fUq8B2	2026-09-06T18:45:17.487Z	Wagertech Internal Sync - 2026/09/03 10:00 EDT - Notes by Gemini
1Ww040n5PTdjtSShHPPhEeiryxh-NpLAESRRuxmKzwCg	530372	0AGuSWA9erI5-Uk9PVA	2026-09-03T15:02:27.750Z	Wagertech Internal Sync - 2026/09/03 10:00 EDT - Notes by Gemini
1j90Rp7bcxhyfkNGXpHMneftX1K_ABAHqUTiaTjuK8oE	20220	1cGr2G_1G_M2GAsVJGELWAoiov0fUq8B2	2026-09-06T18:44:37.824Z	Wagertech Internal Sync - 2026/09/04 10:01 EDT - Notes by Gemini
11MEzxEi5r15s4eEDXIQkHOBr8LldnIw58UO8ag4uR7E	20220	0AGuSWA9erI5-Uk9PVA	2026-09-04T14:32:30.330Z	Wagertech Internal Sync - 2026/09/04 10:01 EDT - Notes by Gemini
1rTfOk7MZSjZjRAMtw5AGLM0JSR3bJMKrAyI6kzPdglc	1180	1cGr2G_1G_M2GAsVJGELWAoiov0fUq8B2	2026-09-08T16:55:13.101Z	Wagertech Internal Sync - 2026/09/08 10:01 EDT - Notes by Gemini
1hUFaFIMhJRCzXouHz1TAoddOlPcg7AyLWOclP4T_LXI	1180	0AGuSWA9erI5-Uk9PVA	2026-09-08T14:32:53.755Z	Wagertech Internal Sync - 2026/09/08 10:01 EDT - Notes by Gemini
1YFECsE8N0jzoN4Xk6QH2dPT4yDinYrrbel-WHyQLT88	25131	1rx9DbkBOd2SC7o18L9miNTRFugtlu_De	2026-09-09T16:28:37.147Z	Wagertech Internal Sync - 2026/09/09 10:01 EDT - Notes by Gemini
1eDOPgc4EMDbgP2RZtnGtE6tK-bn1AJTWQbqwXJpj9Cw	25131	0AGuSWA9erI5-Uk9PVA	2026-09-09T14:32:22.471Z	Wagertech Internal Sync - 2026/09/09 10:01 EDT - Notes by Gemini
1-MhQTX6mk29Kg_AUfjy1SrEG3JNnfpo93tRiMwZYfq4	1180	1rx9DbkBOd2SC7o18L9miNTRFugtlu_De	2026-09-10T16:26:13.294Z	Wagertech Internal Sync - 2026/09/10 10:00 EDT - Notes by Gemini
1giOSfjzEytk6hc30u5VeVCqaTyatu0XzPKlW8qocBZo	1180	0AGuSWA9erI5-Uk9PVA	2026-09-10T14:32:50.766Z	Wagertech Internal Sync - 2026/09/10 10:00 EDT - Notes by Gemini
15hnrLd2VrRI3VwBLEyZ7f9TXnneGjR3kjTcSsnIamO8	1180	1rx9DbkBOd2SC7o18L9miNTRFugtlu_De	2026-09-11T16:47:03.139Z	Wagertech Internal Sync - 2026/09/11 10:00 EDT - Notes by Gemini
1fCxA3XeFUg6UHwXCKSMbwCMNbc54KbAp55GxQ5gijmI	1180	0AGuSWA9erI5-Uk9PVA	2026-09-11T14:48:18.238Z	Wagertech Internal Sync - 2026/09/11 10:00 EDT - Notes by Gemini
1L-0V5h2VXU_6WRkO_IDZDjrMtsu15cuOk6AM0dHTUuk	617678	1rx9DbkBOd2SC7o18L9miNTRFugtlu_De	2026-09-14T15:40:35.645Z	Wagertech Internal Sync - 2026/09/14 10:01 EDT - Notes by Gemini
1Vn79vBRz3KlqI8HHN41h_upcMuhRxuib3-4UPv84iRo	617683	0AGuSWA9erI5-Uk9PVA	2026-09-14T15:02:22.909Z	Wagertech Internal Sync - 2026/09/14 10:01 EDT - Notes by Gemini
1c7jrcIZi-m-zYNVeSrkzols_CABo5p5IBp_0r1kBfUg	23458	1rx9DbkBOd2SC7o18L9miNTRFugtlu_De	2026-09-15T15:07:22.015Z	Wagertech Internal Sync - 2026/09/15 10:00 EDT - Notes by Gemini
1D4ylnIT9zbeAiCyAA3ulP1MhxJQNO64s6n_ftohw3RU	23458	0AGuSWA9erI5-Uk9PVA	2026-09-15T14:47:20.276Z	Wagertech Internal Sync - 2026/09/15 10:00 EDT - Notes by Gemini
1JzKAc6xwUbUl7jkoyv983-oBUwMPPrxYruTRkc0mRB4	489214	1rx9DbkBOd2SC7o18L9miNTRFugtlu_De	2026-09-17T15:22:21.147Z	Wagertech Internal Sync - 2026/09/17 10:00 EDT - Notes by Gemini
1uMTe8xb2TgIOlj57phM28Qc67DmxcVeR9qaWN2jm7N0	489215	0AGuSWA9erI5-Uk9PVA	2026-09-17T15:02:26.135Z	Wagertech Internal Sync - 2026/09/17 10:00 EDT - Notes by Gemini
12MuEGyIBzlK4HDr4NdwCCWIxbT6ozK3EtWdlP_E2T4Q	893981	1rx9DbkBOd2SC7o18L9miNTRFugtlu_De	2026-09-18T15:25:50.799Z	Wagertech Internal Sync - 2026/09/18 10:01 EDT - Notes by Gemini
1wbr_yIsZHRxkxfx6wJPYPkMeGy9JFFMuv2JjLw-zENU	893981	0AGuSWA9erI5-Uk9PVA	2026-09-18T15:17:25.088Z	Wagertech Internal Sync - 2026/09/18 10:01 EDT - Notes by Gemini
1_l8MYortzD4pYnKzsoFaq7WBdKkM7YnRj011wn2Uz_c	430686	1rx9DbkBOd2SC7o18L9miNTRFugtlu_De	2026-09-21T15:52:23.595Z	Wagertech Internal Sync - 2026/09/21 10:01 EDT - Notes by Gemini
1p8XjGlt1driJkjA2BOLdY0xAXNSQ5Z8gu_6uNqR6sas	430686	0AGuSWA9erI5-Uk9PVA	2026-09-21T15:02:28.435Z	Wagertech Internal Sync - 2026/09/21 10:01 EDT - Notes by Gemini
1uHe924Il7qSzzgljaDU_KLhuHJ-mHJFb3w3aKonHCls	1180	1rx9DbkBOd2SC7o18L9miNTRFugtlu_De	2026-09-22T17:22:54.914Z	Wagertech Internal Sync - 2026/09/22 10:30 EDT - Notes by Gemini
1V2t8wkGO-JBUkGxap_WN6Tc6e-Vq8BteIB_b6RdOfQ4	1180	0AGuSWA9erI5-Uk9PVA	2026-09-22T15:49:44.670Z	Wagertech Internal Sync - 2026/09/22 10:30 EDT - Notes by Gemini
1JqbaHGeYiNWQ-O37-G7vWH8mfZ3r-I7d0pZ5ypAibNQ	508172	1rx9DbkBOd2SC7o18L9miNTRFugtlu_De	2026-09-23T15:25:18.004Z	Wagertech Internal Sync - 2026/09/23 10:01 EDT - Notes by Gemini
1e0TA6HiBu4l10HL9qKRjczl-lfZ-nZ8kLDIsfZgPuaU	508171	0AGuSWA9erI5-Uk9PVA	2026-09-23T15:03:11.764Z	Wagertech Internal Sync - 2026/09/23 10:01 EDT - Notes by Gemini
1bG4sajKiIDV5-jUptnq_81XPUowAMM4w3755UsBRfQQ	791173	1rx9DbkBOd2SC7o18L9miNTRFugtlu_De	2026-09-24T16:53:22.343Z	Wagertech Internal Sync - 2026/09/24 10:01 EDT - Notes by Gemini
1bOIY05wrIoDwg8f_haAMl76IoThxA6w_gsJOSIt_kAk	791175	0AGuSWA9erI5-Uk9PVA	2026-09-24T15:47:31.596Z	Wagertech Internal Sync - 2026/09/24 10:01 EDT - Notes by Gemini
1MRQrsyv_XCgKEIoXR2_t4hTUfH3t5f-lGztLxIfTWZg	31029	1rx9DbkBOd2SC7o18L9miNTRFugtlu_De	2026-09-25T14:55:39.701Z	Wagertech Internal Sync - 2026/09/25 10:00 EDT - Notes by Gemini
1QdOUZDQWmBFGsrihRn7CR8JhsBkOJ7Uj-AXT85CjWOI	31029	0AGuSWA9erI5-Uk9PVA	2026-09-25T14:47:28.419Z	Wagertech Internal Sync - 2026/09/25 10:00 EDT - Notes by Gemini
1i1AH0eRraoA3czYyZC9nWRiFTeGcGYyAMfvxTpAes3Y	651567	1rx9DbkBOd2SC7o18L9miNTRFugtlu_De	2026-09-28T14:57:46.538Z	Wagertech Internal Sync - 2026/09/28 10:00 EDT - Notes by Gemini
1Epf3XCaRx7jByAZZK6tjl0-3Ps-hHyCnXgzxyqLmBQc	651565	0AGuSWA9erI5-Uk9PVA	2026-09-28T14:47:31.387Z	Wagertech Internal Sync - 2026/09/28 10:00 EDT - Notes by Gemini
1t0A67-GIHfL9g0_plhbLJ6lYjmBCoVvsKcqqWUARvTI	1180	1cGr2G_1G_M2GAsVJGELWAoiov0fUq8B2	2026-09-29T17:00:24.255Z	Wagertech Internal Sync - 2026/09/29 10:00 EDT - Notes by Gemini
1gQ5cr8zg9KBRkNCpB_Nw3y4v4bs3hp9aTVXjYrlMTAA	1180	0AGuSWA9erI5-Uk9PVA	2026-09-29T15:03:33.626Z	Wagertech Internal Sync - 2026/09/29 10:00 EDT - Notes by Gemini
1Ieau8KwCQ92WbSB5rlTS3ydqXLWXAdVeqksEF6WW5HM	4533	1cGr2G_1G_M2GAsVJGELWAoiov0fUq8B2	2026-09-30T14:54:58.723Z	Wagertech Internal Sync - 2026/09/30 10:01 EDT - Notes by Gemini
1mQkPNkpz6LDVw1gh-dvWHJLaz34aNYUJgl_qTAiULvE	4533	0AGuSWA9erI5-Uk9PVA	2026-09-30T14:17:27.559Z	Wagertech Internal Sync - 2026/09/30 10:01 EDT - Notes by Gemini
1QXOqSK4gbe8w_aWCBgF9tOSE2L605tcT8oBHRsznzXk	1180	1cGr2G_1G_M2GAsVJGELWAoiov0fUq8B2	2026-10-02T16:47:29.614Z	Wagertech Internal Sync - 2026/10/02 10:01 EDT - Notes by Gemini
1akQp44gKIPG08-7XFFhn8S20gp9ecS8UCs90uUDoEIQ	1180	0AGuSWA9erI5-Uk9PVA	2026-10-02T14:48:06.589Z	Wagertech Internal Sync - 2026/10/02 10:01 EDT - Notes by Gemini
12XvqT1yLmkYc7wNKIV8wqqsvKF0-uoAI0vvHMA_oHJ8	594188	1ICjf7-FBoKjn819P3iuF6eTWmSErVg2s	2026-09-14T15:37:51.224Z	Wagertech Jira Delivery Handbook
1YS-MEJ-VY6htjOuNiTj3G44DtDV2SvfzfKKz2nHpZlw	15388	0AGuSWA9erI5-Uk9PVA	2026-09-02T01:13:52.834Z	Wagertech sync - 2026/07/21 10:14 EDT - Transcript
1TJRq1rcLJQVLmEIP4FnknL2Qbaz-i70mkgxJKh362YA	127398		2026-07-01T14:40:44.173Z	Wagertech: Design and User Stories v3
1HUo7sC2robjOPn73g_km6VgAYfWVgkCx8FKiIl8nN1k	61642	1BwKgiF6F_OuInKMEQBjBP6DdJ0sNd9xw	2026-07-21T14:49:38.814Z	Wagertech: Open Questions
1za9FKHPVrKlLwqezRYRiEp8kncI1mMajuCmMh6vRuF0	65674	1pwxQgGoRXhbPdmV8UHoFClmE1zAow-wN	2026-07-15T16:01:20.066Z	Wagertech: Phase 1 Sign Up Logging via API Spec v1
1gWR7yZuTQZoCkJ6MXKWyklpi2CEoDSTlNSh3cIUgDbk	65652	1pwxQgGoRXhbPdmV8UHoFClmE1zAow-wN	2026-07-29T02:59:10.403Z	Wagertech: Phase 1 Sign Up Logging via API Spec v2
12F10AQ12WmCOpghfAEkJEnJQuD4IVDUDxnq4vXKqPPI	49213		2026-07-30T13:53:45.012Z	Wagertech: Remaining Items to Go-Live for Phase 1
1K1r0RugHIbFMuEO6ISWMXF7-SUOg1Vi7KNhWWE_idGI	86513	1knp2617hUSiL63lnJPVdjc13h8ScQVuj	2026-06-23T15:35:38.089Z	Wagertech: Weekly Sync
1nga4AH1u-X4l2XN7fwiRbjqSXT_wru-YOdca9qTM0dM	4200		2026-07-08T11:18:25.519Z	Wagertech_Jul8_Exec_CEO.md
1tKnpy1-EJsKwjdxKjtNUP6IeRnpmh7pduwWZqiZ3iBg	15941		2026-07-08T11:18:26.016Z	Wagertech_Jul8_Internal_Planning.md
1qXc7io90tJpvBpbUJT7upWuUDzSAXznrRUjRuf4IdS8	7785		2026-07-08T11:18:27.610Z	Wagertech_Jul8_QA_Prep.md
1H2WR8PwVsQh1Xhs36QS5olsj1RhOGth3k7oYHJP3pGE	9204		2026-07-08T11:18:26.839Z	Wagertech_Jul8_Team_Alignment.md
1fnRaOo2edtpvtsfxI0Tj3f2R9pMdu2fzD9XHP0bcZM4	11365		2026-07-29T16:28:24.727Z	Wagertech_Taryn_Ramp_Plan
1MMXPW4PZb0jzcUsia-SUjC3ncAhcez_3L2MLOQxSrg4	6508		2026-07-08T11:18:47.534Z	Wagertech_Timeline_Briefing_2026-07-08.md
