doc_id	title	verdict	delivery_line_ranges	topic_note	local_text_path
1b3h4vfVYnS8hhqjbxsi0aIQeUWFrsovCqMU0bNMm73E	Waleed <> Kobi - 2026/09/21 15:01 EDT - Transcript	include	293-294; 299-300; 340-381; 392-395	Nov 1 go-live risk from added scope; redeposits discovery done, payouts and referrals discovery remaining; redeposit allocation tracking design and V1 boundary (import for manual overrides, AI later)	/home/user/sb1-yvxluvkv/wagertech_variance/work/screen_kobi_0921.txt
1TzU1MfCv97HEpDUDZxvLYAqwJzGAWSJ0ZWwyYUpADw8	Waleed <> Kobi - 2026/08/18 16:00 EDT - Transcript	include	14-20	Status after client call: SLC click and agency website sign-up testing start, CMS integration next steps, record page mockups from Joyce	/home/user/sb1-yvxluvkv/wagertech_variance/work/screen_kobi_0818.txt
1S_m_0LWhRCUA9rMW-VkIQjLLd_RBwUW1OX6v-MZL1PU	Waleed <> Kobi - 2026/09/03 16:00 EDT - Transcript	include	226; 231-235; 238-256	Milestones (SLC records in, sign-up experience mostly done); client to send final changes and requirements; commissions requested on sign-up; board workstreams (integration, payouts, redeposits), Phase 1 build list and ticket cleanup	/home/user/sb1-yvxluvkv/wagertech_variance/work/screen_kobi_0903.txt
1vLZ9ZBe0SHMT3EhJ0xUitYtzm6KqIOmI_PbQ8N_JmpA	✨ Liz / Taryn - Catch up ✨ - 2026/09/25 15:32 EDT - Notes by Gemini	exclude		Only incidental delivery references embedded in non-delivery discussion; no separable delivery passage	
1u6FDWln5bZFff_SPnwF7MwTDUaUF5YBRcgvZa_74GRY	Jumpr Management Meeting - 2026/09/28 15:59 EDT - Transcript	include	212; 214-221; 232	Nov 1 go-live target; proposed scope cut-off; deferral of non-critical requests (client agreed); client meeting moved to Wednesday; design and build backlog status	/home/user/sb1-yvxluvkv/wagertech_variance/work/screen_mgmt_0928.txt
10PeUYPzkPCJ9ly1zFDtAnIFRYpwvbziwsKe4FD-MnU8	Jumpr Monthly Business Update - 2026/09/24 07:30 NZST - Notes by Gemini	exclude		No WagerTech delivery or scope content (internal tooling mention only)	
1RLgP8oCmegdt7zH1jn5RUug1S5sC-6bSSBsViEOJaKg	Waleed <> DK - 2026/09/24 16:00 EDT - Transcript	exclude		No WagerTech delivery or scope content (passing mention only)	
1wy5sebZPMs-RliWd9sQ7Hv1-SI7nhtanluWSOIIJ3KQ	30 Day Check-in & Goals for Next 30 days - 2026/09/16 13:04 EDT - Notes by Gemini	include	162-182; 346-356; 395; 412-418; 841; 874-880	Redeposit design doc from Joyce vs earlier PRDs and discovery approach (validate before build); fraud flags related list change and 10-item limit; payouts discovery to schedule; sign-up and proof process questions; operator supported markets open question	/home/user/sb1-yvxluvkv/wagertech_variance/work/screen_checkin_0916.txt
1ctzRlpGdAydgxlb1_oBaEZ4CSWSISW6_SSwfHwIdfvU	Next Chapter - 2026/08/07 11:38 EDT - Transcript	exclude		No WagerTech delivery or scope content	
12P8t1Wcn2CisCzgfic4UW6MMqJMxyBmCat6kIaERg9M	Waleed / Liz - 2026/09/28 10:29 EDT - Notes by Gemini	exclude		No WagerTech content (different client context)	
1Zd2YCtUmJkkT6LOpWVI_AipSlYx4yo_PMzU684wtkrI	Wagertech - 2026/08/11 10:16 EDT - Transcript	include	48-76; 80-81; 87-95; 97-148; 160-187	Go-live blocked by deal CMS integration; SLC click processing and fraud flow status; pre-UAT sign-up click test; go-live with manual deal rep assignments; Google Drive integration dependencies and PoC; list view, operator and partner layouts, deal mockup and rep view; client agenda for API review, ID mapping and test plan	/home/user/sb1-yvxluvkv/wagertech_variance/work/screen_wagertech_0811.txt
1YS-MEJ-VY6htjOuNiTj3G44DtDV2SvfzfKKz2nHpZlw	Wagertech sync - 2026/07/21 10:14 EDT - Transcript	include	29-34; 37-69; 75-92; 103-169; 191-213; 215-220	Client request for more prescriptive layout proposals; PRD field scope; status (new object, UI cleanup, deal rep assignment and history); risks (backend API, GCP file uploads, Dropbox link bridge, CMS fields); sign-up layout, rep view, status buttons, fraud review, click history list view, bulk deal rep assignment screen flow, reports, mobile; timeline concern	/home/user/sb1-yvxluvkv/wagertech_variance/work/screen_wtsync_0721.txt
1Iabt49ksC-Dq5tKjEfWJXVQ5K5_Zo1tw_57QCPf3Yvk	Liz / Waleed - 2026/09/21 14:30 EDT - Transcript	exclude		No WagerTech content (different client context)	
1HyEpzBj4NWx05fQ5-cgpNbIYoDxVN7fY1mYN9zTu4Kk	Haleigh/Liz - Sync on Sales Process - 2026/09/14 15:59 EDT - Notes by Gemini	exclude		No WagerTech content (different client context)	
1_6Swuz-H7qgOTCdlnAomFQu5bNILXY3Y_aubNTRoO68	Liz / Sam - Connect on Free Agents - 2026/09/28 09:59 EDT - Notes by Gemini	exclude		No WagerTech content (different client context)	
11aZtbw9zsjksOaxNx7qQWH83IZLrqy-aaX55iq5eveY	Waleed <> DK - 2026/09/10 16:00 EDT - Transcript	exclude		No WagerTech delivery or scope content (passing mention only)	
