key	type	status	assignee	epic	phase	summary
WAGR-1	Task	Requirements	Kobi Kunasekaran		1	DECISION-03 — Define Fraud Flag impact on Player Status (carried from DECISION-02)
WAGR-2	Bug	Open				Clear No Player Found if Player Successfully Created
WAGR-3	Epic	In Progress			1	Epic E — Study Link Click & Sign-Up Intake
WAGR-4	Story	Done		WAGR-3 Epic E — Study Link Click & Sign-Up Intake	1	BUILD-05 — Sign-Up Payout Code generation + Past Due handling
WAGR-5	Story	Jumpr Review	Marc Cabantog	WAGR-3 Epic E — Study Link Click & Sign-Up Intake	1	BUILD-04 — Build production Study Link Click resolution flow (all branches)
WAGR-6	Story	Done		WAGR-3 Epic E — Study Link Click & Sign-Up Intake	1	POC-09 — Create Study Link Click object and fields
WAGR-7	Story	Done		WAGR-3 Epic E — Study Link Click & Sign-Up Intake	1	POC-10 — Create Sign-Up object and fields
WAGR-8	Story	Done		WAGR-3 Epic E — Study Link Click & Sign-Up Intake	1	POC-12 — Build demo flow: Study Link Click to Player and Sign-Up (happy path)
WAGR-9	Sub-task	Done		WAGR-7 POC-10 — Create Sign-Up object and fields		Create flow to populate Operator, Partner and Brand Manager
WAGR-10	Sub-task	Done		WAGR-7 POC-10 — Create Sign-Up object and fields		Create a flow for setting Fraud_Review_Status__c to Suspected when Fraud_Flag__c is checked
WAGR-11	Epic	In Progress			1	Epic C — Deals & Rep Assignment
WAGR-12	Story	Done		WAGR-11 Epic C — Deals & Rep Assignment	1	POC-07 — Create Deal-Rep Assignment object
WAGR-13	Story	Requirements	Kobi Kunasekaran	WAGR-11 Epic C — Deals & Rep Assignment	1	BUILD-08 — Build duplicate prevention rules: Operator, Partner, Deal
WAGR-14	Story	Done		WAGR-11 Epic C — Deals & Rep Assignment	1	POC-06 — Create Deal object and commercial fields
WAGR-15	Task	Open			1	Milestone: Ready for UAT
WAGR-16	Epic	Open			1	Testing & UAT
WAGR-17	Task	Open			1	Milestone: UAT Sign-off
WAGR-18	Epic	Open			1	Deployment & Go Live Prep
WAGR-19	Epic	Open			1	Data Migration
WAGR-20	Story	Ready		WAGR-19 Data Migration	1	BUILD-07 — Produce production data migration plan and transform rules
WAGR-21	Story	Done	Kobi Kunasekaran	WAGR-19 Data Migration	1	POC-11 — Load sample reference data (labeled SAMPLE)
WAGR-22	Epic	Open			1	Training, Enablement & Admin Handoff
WAGR-23	Task	Open			1	Milestone: Phase 1 Go-Live
WAGR-24	Epic	Open			1	Reporting & Dashboards
WAGR-25	Story	Done	Kobi Kunasekaran	WAGR-24 Reporting & Dashboards	1	POC-15 — Build starter dashboards: Book of Business and Sign-Up Pipeline
WAGR-26	Epic	Open			1	Post Go Live Support
WAGR-27	Epic	In Progress			1	Epic D — Players & Referrers (Person Accounts)
WAGR-28	Story	Requirements		WAGR-27 Epic D — Players & Referrers (Person Accounts)	1	BUILD-03 — Build Player/Referrer matching, duplicate prevention, and cross-linking
WAGR-29	Story	Done		WAGR-27 Epic D — Players & Referrers (Person Accounts)	1	POC-08 — Create Player and Referrer Person Account record types and fields
WAGR-30	Sub-task	Jumpr Review	Marc Cabantog	WAGR-29 POC-08 — Create Player and Referrer Person Account r		Validation Rule for Player Status when Account Recordtype is Player
WAGR-31	Epic	Open			2	Epic H — Sign-Up Proofs & Storage
WAGR-32	Story	Done		WAGR-31 Epic H — Sign-Up Proofs & Storage	2	BUILD-06 — Build Sign-Up Proofs: Proof Files object, upload component, storage service
WAGR-33	Epic	In Progress			1	Epic A — Org Setup & Security
WAGR-34	Story	Done		WAGR-33 Epic A — Org Setup & Security	1	BUILD-02 — Create integration user and connected app
WAGR-35	Story	Done		WAGR-33 Epic A — Org Setup & Security	1	POC-02 — Enable CAD/USD multi-currency
WAGR-36	Story	Done		WAGR-33 Epic A — Org Setup & Security	1	POC-01 — Set up Person Accounts
WAGR-37	Story	In Progress		WAGR-33 Epic A — Org Setup & Security	1	BUILD-01 — Configure users, roles, sharing, and the 4-tier permission model
WAGR-38	Task	Open			2	POC-25 — (Backlog) Improve Player Record Type Visibility
WAGR-39	Epic	Requirements			1	SF → CMS Integration: Deals & Affiliate Links (v2 webhook)
WAGR-40	Task	Requirements	Kobi Kunasekaran		2	BUILD-230 — Player: Manage Duplicate Player
WAGR-41	Task	Requirements	Taryn Reithofer		1	BUILD-271 — Operator: Create associated Contact inline during Operator creation
WAGR-42	Task	Requirements	Taryn Reithofer		1	BUILD-264 — Operator: Quick-Create link in Global Actions ("+") menu
WAGR-43	Task	Ready	Kobi Kunasekaran		1	BUILD-174 — Player: Attribution fields
WAGR-44	Story	Open			1	BUILD-72 — Ops cost auto-calc fields (Deposit/Commission/Total Acquisition Cost)
WAGR-45	Story	Ready	Kobi Kunasekaran		1	BUILD-64 — Rep deal-visibility rework: DRA-only, no partner
WAGR-46	Story	Requirements			1	BUILD-69 — Survey completion inbound API event → Player
WAGR-47	Story	Ready	Kobi Kunasekaran		1	BUILD-89 — Referrer creation experience (skip record-type prompt, defaults, required fields)
WAGR-48	Task	Ready	Kobi Kunasekaran		1	BUILD-88 — SLC layout cleanup: API-staging tab, ERD labels, no rep access
WAGR-49	Story	Requirements		WAGR-39 SF → CMS Integration: Deals & Affiliate Links (v2 we	1	Study Link Click — raw Link External ID intake
WAGR-50	Story	Requirements		WAGR-39 SF → CMS Integration: Deals & Affiliate Links (v2 we	1	Sign-Up — Affiliate Link attribution from SLC Link External ID
WAGR-51	Task	Ready			1	BUILD-114 — Reps cannot create Sign-Up records (SLC automation is the only create path)
WAGR-52	Task	Ready			1	BUILD-112 — Search Layouts: key fields on Recently Viewed for all Console objects
WAGR-53	Sub-task	Open		WAGR-52 BUILD-112 — Search Layouts: key fields on Recently V		Sign_Up__c — Search Layout key fields
WAGR-54	Sub-task	Open		WAGR-52 BUILD-112 — Search Layouts: key fields on Recently V		Deal__c — Search Layout key fields
WAGR-55	Sub-task	Open		WAGR-52 BUILD-112 — Search Layouts: key fields on Recently V		Account — Search Layout key fields (Player / Referrer / Operator / Partner RTs)
WAGR-56	Sub-task	Open		WAGR-52 BUILD-112 — Search Layouts: key fields on Recently V		Deal_Rep_Assignment__c — Search Layout key fields
WAGR-57	Sub-task	Open		WAGR-52 BUILD-112 — Search Layouts: key fields on Recently V		Study_Link_Click__c — Search Layout key fields
WAGR-58	Sub-task	Open		WAGR-52 BUILD-112 — Search Layouts: key fields on Recently V		Verify as a Rep user + Ops user in the sandbox
WAGR-59	Task	Ready			1	BUILD-113 — Previous Status and Creation Source read-only for all users (automation still writes)
WAGR-60	Task	Ready			1	BUILD-111 — Reps cannot manage shared or public List Views
WAGR-61	Task	Ready	Kobi Kunasekaran		1	BUILD-119 — Deal list view columns
WAGR-62	Task	Ready	Kobi Kunasekaran		1	BUILD-120 — Deal record page layout rebuild (Ops view, per 2026-08-10 screenshots)
WAGR-63	Task	Done	Taryn Reithofer		1	Allow Joyce/Lina/Emily's Profiles to search for User records
WAGR-64	Task	Jumpr Review	Taryn Reithofer		1	BUILD-148 — Operator + Partner: DLRS rollups — Active Deals, Verticals, Markets, Operators count
WAGR-65	Task	Ready	Kobi Kunasekaran		1	BUILD-145 — Operator + Partner: Logo image field + Logo URL
WAGR-66	Task	Ready	Kobi Kunasekaran		1	BUILD-144 — Contact: show related Operators and Partners, split by Account record type
WAGR-67	Task	Ready	Kobi Kunasekaran		1	BUILD-147 — Operator + Partner: automate Status from active deal count
WAGR-68	Task	Ready		WAGR-39 SF → CMS Integration: Deals & Affiliate Links (v2 we	1	BUILD-157 — Deal: enable field history tracking (the replacement for Deal Version)
WAGR-69	Task	Requirements	Kobi Kunasekaran		1	BUILD-172 — Bonus Model Design — PLACEHOLDER, design to be filled in by Kobi
WAGR-70	Task	Cancelled	Taryn Reithofer		1	BUILD-182 — Player: Referrals Related List
WAGR-71	Task	Requirements	Kobi Kunasekaran		1	BUILD-179 — Player: BA Attribution Mismatch Flagging
WAGR-72	Epic	Jumpr Review	Kobi Kunasekaran		1	BUILD-178 — Player: Player Status Automation
WAGR-73	Task	Ready	Kobi Kunasekaran		1	BUILD-194 — Referrer: Dedup-on-Create (hard block)
WAGR-74	Task	Ready	Kobi Kunasekaran		1	BUILD-193 — Referrer: Inactive Status Automation
WAGR-75	Task	Jumpr Review	Taryn Reithofer		1	Referrer: Report on Signups with Banned or Paused Referrer
WAGR-76	Task	Ready	Kobi Kunasekaran		1	BUILD-190 — Referrer: Duplicate Review Fields
WAGR-77	Task	Jumpr Review	Taryn Reithofer		1	BUILD-199 — Referrer: Secondary Referrals Related List
WAGR-78	Task	Cancelled	Taryn Reithofer		1	BUILD-204 — Brand Ambassador: Restriction Detail Fields
WAGR-79	Task	Ready	Kobi Kunasekaran		1	BUILD-206 — Brand Ambassador: Termination Automation
WAGR-80	Task	Ready	Kobi Kunasekaran		1	BUILD-207 — Brand Ambassador: Status Change Logging
WAGR-81	Task	Ready	Kobi Kunasekaran		1	BUILD-208 — Brand Ambassador: Role & Status Change Log Related List
WAGR-82	Task	Done	Taryn Reithofer		1	BUILD-220 — Affiliate Link: Link Core Fields
WAGR-83	Task	Requirements	Taryn Reithofer		1	BUILD-224 — Affiliate Link: Deal Rep Assignments Related List
WAGR-84	Task	Done	Cedrick Infantado		1	BUILD-223 — Affiliate Link: Link Editing (Screen Flow)
WAGR-85	Task	Jumpr Review	Taryn Reithofer		1	BUILD-225 — Affiliate Link: Link History Related List
WAGR-86	Task	In Progress	Kobi Kunasekaran		1	BUILD-222 — Test Deal flag: checkbox on Deal, -TEST in Deal Name, TEST- prefix on External Deal ID
WAGR-87	Task	Done	Kobi Kunasekaran		1	BUILD-224 — Operator / Partner duplicate cleanup: delete 19 superseded test Accounts
WAGR-88	Bug	Ready	Kobi Kunasekaran		1	BUILD-226 — Potential SLC bugs found during 2026-08-20 trace
WAGR-89	Task	Jumpr Review	Taryn Reithofer		1	BUILD-231 — Referrer: Primary/Secondary Referrals — Open Column Definitions
WAGR-90	Task	Cancelled	Taryn Reithofer		1	BUILD-233 — Referrer: "Log Referral" Button — Confirm Behavior
WAGR-91	Task	Open	Kobi Kunasekaran		1	BUILD-236 — Brand Ambassador: Status Automation (via User Active Checkbox)
WAGR-92	Task	Jumpr Review	Taryn Reithofer		1	BUILD-240 — Player & Referrer: Require PersonEmail (Validation Rule)
WAGR-93	Task	Ready	Taryn Reithofer		1	BUILD-249 — Deal: Require Source on record page (Dynamic Forms) + list view column
WAGR-94	Task	Ready			1	BUILD-256 — Reps: read-only field access on Operator, Partner, Deal, Brand Ambassador, DRA, Affiliate Link (PLACEHOLDER — needs spec)
WAGR-95	Task	Ready			1	BUILD-258 — Deal Rep Assignment "All Assignments" list view: add key fields
WAGR-96	Task	Ready			1	BUILD-257 — Rep "My Assignments" view: assignments with Sign-Ups and key assignment/deal info
WAGR-97	Task	Ready	Kobi Kunasekaran		1	BUILD-273 — Deal: Data cleanup + regenerate Deal Names and External Deal IDs
WAGR-98	Task	Requirements	Kobi Kunasekaran		1	DECISION-07 — Deal versioning when commercial terms change
WAGR-99	Story	Done	Cedrick Infantado		1	BUILD-272 — Deal: Makeup dedupe key and duplicate block
WAGR-100	Story	Jumpr Review	Cedrick Infantado		1	BUILD-274 — Account: Auto-generate Operator and Partner External IDs
WAGR-101	Task	Done	Taryn Reithofer		1	BUILD-275 — Deal: Region_Code__c formula field (Country/State → CMS region code)
WAGR-102	Task	Done	Taryn Reithofer		1	BUILD-276 — Account + Affiliate Link: Test checkbox
WAGR-103	Task	Jumpr Review	Taryn Reithofer		1	BUILD-279 — Deal Rep Assignment: Test checkbox
WAGR-104	Story	Requirements	Kobi Kunasekaran		1	BUILD-276 — Deal: External Deal ID version suffix — remove, replace, or keep
WAGR-105	Task	Requirements	Kobi Kunasekaran		1	BUILD-277 — Production Org: Salesforce security notification review + SaaScend user follow-up
WAGR-106	Task	Jumpr Review	Taryn Reithofer		1	DECISION-08 — Deal: Commercial Terms fields to confirm for Sign-Up snapshot & lifecycle tracking
WAGR-107	Task	Ready	Taryn Reithofer		1	BUILD-214 — Deal: Redeposit Details
WAGR-108	Task	Open	Taryn Reithofer		1	BUILD-181 — Player: Redeposits Related List
WAGR-109	Task	Open	Taryn Reithofer		1	BUILD-183 — Player: Payouts Related List
WAGR-110	Task	Requirements	Taryn Reithofer		1	BUILD-200 — Referrer: Payouts Related List
WAGR-111	Task	Ready	Taryn Reithofer		1	BUILD-234 — Referrer: Payouts (Placeholder — Not Yet Scoped)
WAGR-112	Story	Requirements			2	BUILD-93 — Google Drive proof storage: Proof of Concept (12h)
WAGR-113	Task	Requirements			2	BUILD-94 — WagerTech Drive prerequisites tracker (C1-C8)
WAGR-114	Story	Open			2	BUILD-95 — Cloud_File__c generic file container (8h)
WAGR-115	Task	Open				No summary available
WAGR-116	Story	Cancelled			1	BUILD-83 — Deal sync status fields + Sync with CMS action
WAGR-117	Story	Open		WAGR-444 CMS → SF Integration: Deal Rep Assignments (later p	1	BUILD-80 — Assignment history captures link and period changes
WAGR-118	Story	Open		WAGR-444 CMS → SF Integration: Deal Rep Assignments (later p	1	BUILD-79 — DRA External Id + rep resolution
WAGR-119	Story	Cancelled			1	BUILD-87 — Link changes trigger a deal re-sync
WAGR-120	Story	Cancelled			1	BUILD-84 — CMS sync monitoring reports
WAGR-121	Story	Cancelled			1	BUILD-86 — Publish readiness gating
WAGR-122	Story	Open		WAGR-444 CMS → SF Integration: Deal Rep Assignments (later p	1	BUILD-98 — Validation: one active Deal Rep Assignment per rep per deal
WAGR-123	Task	Cancelled			1	BUILD-97 — Named Credential / Connected App for outbound SF→CMS
WAGR-124	Task	Open		WAGR-444 CMS → SF Integration: Deal Rep Assignments (later p	1	BUILD-85 — Retire migration-only fields
WAGR-125	Task	Requirements	Kobi Kunasekaran		1	BUILD-77 — Operator logo load plan (~60-70 operators at go-live)
WAGR-127	Story	Open			1	BUILD-37 — Restrict Console list views to the logged-in user (pre-go-live)
WAGR-130	Task	In Progress			1	BUILD-158 — Deal: Deposit Range (min/max) + Avg Deposit Target
WAGR-131	Task	Jumpr Review	Cedrick Infantado		1	BUILD-280 — CMS Integration: Salesforce-side configuration review
WAGR-132	Task	Jumpr Review	Taryn Reithofer		1	BUILD-222 — Affiliate Link: Additional Details
WAGR-133	Task	Jumpr Review	Taryn Reithofer		1	BUILD-221 — Affiliate Link: Deal Context Fields
WAGR-134	Task	Jumpr Review	Taryn Reithofer		1	BUILD-272 — Operator: Header roll-ups — Associated Partners, Associated Sources
WAGR-135	Task	Jumpr Review	Cedrick Infantado		1	BUILD-278 — Study Link Click: Test checkbox
WAGR-136	Task	Jumpr Review	Cedrick Infantado		1	BUILD-277 — Sign-Up: Test checkbox
WAGR-137	Task	Jumpr Review	Cedrick Infantado	WAGR-72 BUILD-178 — Player: Player Status Automation	1	BUILD-254 — Player Status: Scheduled Active → Inactive at 90 Days
WAGR-138	Task	Jumpr Review	Taryn Reithofer		1	BUILD-265 — Partners: Header roll-ups — Associated Operators & Sources
WAGR-139	Task	Jumpr Review	Kobi Kunasekaran		1	BUILD-247 — Deal: Include Source code in External Deal ID generation
WAGR-140	Task	Jumpr Review	Cedrick Infantado	WAGR-72 BUILD-178 — Player: Player Status Automation	1	BUILD-253 — Player Status: Activate Player + Sign-Up Stamps on Completed Sign-Up
WAGR-141	Task	Jumpr Review	Cedrick Infantado	WAGR-72 BUILD-178 — Player: Player Status Automation	1	BUILD-252 — Player Status: Last Activity Date Engine (Subflow)
WAGR-142	Task	Jumpr Review	Taryn Reithofer		1	BUILD-269 — Partner: Surface mandatory fields as first inputs on new Partner creation
WAGR-143	Task	Jumpr Review	Taryn Reithofer		1	BUILD-267 — Partner: Add Name input field to new Partner creation
WAGR-144	Task	Jumpr Review	Taryn Reithofer		1	BUILD-270 — Operator: Add Name input field to new Operator creation
WAGR-145	Task	Jumpr Review	Taryn Reithofer		1	BUILD-268 — Partner: Add Source column to Deal Rollup Table
WAGR-146	Task	Jumpr Review	Taryn Reithofer		1	BUILD-266 — Partner: Remove Direct and Strategic from Partner Type picklist
WAGR-147	Task	Jumpr Review	Kobi Kunasekaran		1	BUILD-248 — Deal: Append Source code to Deal Name automation
WAGR-148	Task	Jumpr Review	Cedrick Infantado	WAGR-72 BUILD-178 — Player: Player Status Automation	1	BUILD-251 — Player Status: Centralized Status Audit Stamp
WAGR-149	Task	Jumpr Review	Cedrick Infantado	WAGR-72 BUILD-178 — Player: Player Status Automation	1	BUILD-250 — Player Status: Sign-Up Completion Date Stamp
WAGR-150	Task	Jumpr Review	Taryn Reithofer		1	BUILD-262 — Operator: Add SOURCE to Deal Rollup Table
WAGR-151	Task	Jumpr Review	Taryn Reithofer		1	BUILD-263 — Operator: Remove Sign-Ups table from object
WAGR-152	Task	Jumpr Review	Taryn Reithofer		1	BUILD-261 — Operator: Remove Brand Family from Additional Information section
WAGR-153	Task	Jumpr Review	Taryn Reithofer		1	BUILD-260 — Operator: Remove Currency field
WAGR-154	Task	Jumpr Review	Taryn Reithofer	WAGR-72 BUILD-178 — Player: Player Status Automation	1	BUILD-255 — Player Status: Ban Button + Unban Restriction
WAGR-155	Task	Jumpr Review	Cedrick Infantado		1	BUILD-243 — Sign-Up: Advance to In Progress only when a field is edited in Log Sign Up
WAGR-156	Task	Jumpr Review	Taryn Reithofer		1	BUILD-176 — Player: Ban Automation
WAGR-157	Task	Jumpr Review	Taryn Reithofer		1	BUILD-196 — Referrer: Ban Automation
WAGR-158	Task	Jumpr Review	Taryn Reithofer		1	BUILD-259 — Referrer: Reactivate Button (Clear Ban/Pause)
WAGR-159	Task	Jumpr Review	Taryn Reithofer		1	BUILD-197 — Referrer: Pause Automation
WAGR-160	Task	Jumpr Review	Taryn Reithofer		1	BUILD-173 — Player: Core Details fields
WAGR-161	Task	Jumpr Review	Taryn Reithofer		1	BUILD-198 — Referrer: Primary Referrals Related List
WAGR-162	Task	Jumpr Review	Cedrick Infantado		1	BUILD-244 — Sign-Up: Rearrange Referral Information section layout
WAGR-163	Task	Jumpr Review	Taryn Reithofer		1	BUILD-241 — Sign-Up & Player: Use Email as the single email field (retire E-Transfer Email display)
WAGR-164	Task	Jumpr Review	Cedrick Infantado		1	BUILD-242 — Sign-Up: Add First Wager Date to the Log Sign Up popup
WAGR-165	Task	Done	Taryn Reithofer		1	BUILD-245 — Sign-Up: Enable fraud flagging at New status
WAGR-166	Task	Cancelled	Taryn Reithofer		1	BUILD-210 — Brand Ambassador: Players Related List
WAGR-167	Task	Jumpr Review	Kobi Kunasekaran		1	BUILD-246 — Deal: Source_Code__c formula field (Source → shortcode)
WAGR-168	Task	Jumpr Review	Taryn Reithofer		1	BUILD-238 — Referrer: Primary/Secondary Referrals Roll-Up Automation
WAGR-169	Task	Jumpr Review	Taryn Reithofer		1	BUILD-216 — Deal: Link Object + Assignment Fields (toggle)
WAGR-170	Task	Jumpr Review	Taryn Reithofer		1	BUILD-218 — Deal: Links Related List
WAGR-171	Task	Jumpr Review	Taryn Reithofer		1	BUILD-239 — Referrer: Inactive Status Banner
WAGR-172	Task	Jumpr Review	Taryn Reithofer		1	BUILD-215 — Deal: Additional Details
WAGR-173	Task	Jumpr Review	Taryn Reithofer		1	BUILD-213 — Deal: Commercial Terms
WAGR-174	Task	Jumpr Review	Taryn Reithofer		1	BUILD-219 — Deal: Deal Rep Assignments Related List
WAGR-175	Task	Done	Taryn Reithofer		1	BUILD-212 — Deal: Object + Core Details
WAGR-176	Task	Jumpr Review	Taryn Reithofer		1	BUILD-202 — Brand Ambassador: Object + Core Status
WAGR-177	Task	Jumpr Review	Taryn Reithofer		1	BUILD-232 — Referrer: Ban Button — Confirm Reason/Notes Capture
WAGR-178	Task	Jumpr Review	Taryn Reithofer		1	BUILD-235 — Referrer: Pause Button — Confirm Reason Capture
WAGR-179	Task	Jumpr Review	Taryn Reithofer		1	BUILD-237 — Deal Rep Assignment: Deal Cross-Reference Formula Fields
WAGR-180	Task	Jumpr Review	Taryn Reithofer		1	BUILD-209 — Brand Ambassador: Assigned Deals Related List
WAGR-181	Task	Jumpr Review	Taryn Reithofer		1	BUILD-211 — Brand Ambassador: Activity Feed
WAGR-182	Task	Jumpr Review	Taryn Reithofer		1	BUILD-203 — Brand Ambassador: Contact & Payment Fields
WAGR-183	Task	Jumpr Review	Taryn Reithofer		1	BUILD-205 — Brand Ambassador: CMS Identity Fields
WAGR-184	Task	Jumpr Review	Taryn Reithofer		1	BUILD-229 — Player: Source System & Source Reference Fields
WAGR-185	Task	Jumpr Review	Taryn Reithofer		1	BUILD-177 — Player: System / Integration Fields
WAGR-186	Task	Done	Kobi Kunasekaran		1	BUILD-221 — Brand Ambassador user setup runbook (Rep External ID, Rep Slug, manager, WT Rep permission set group)
WAGR-187	Task	Jumpr Review	Taryn Reithofer		1	BUILD-191 — Referrer: System / Integration Fields
WAGR-188	Task	Jumpr Review	Taryn Reithofer		1	BUILD-201 — Referrer: Files Related List
WAGR-189	Task	Jumpr Review	Taryn Reithofer		1	BUILD-188 — Referrer: Player Cross-Reference
WAGR-190	Task	Jumpr Review	Taryn Reithofer		1	BUILD-192 — Referrer: Notes
WAGR-191	Task	Jumpr Review	Taryn Reithofer		1	BUILD-187 — Referrer: Referral Defaults
WAGR-192	Task	Jumpr Review	Taryn Reithofer		1	BUILD-185 — Referrer: Object + Core Status
WAGR-193	Task	Jumpr Review	Taryn Reithofer		1	BUILD-186 — Referrer: Contact Fields
WAGR-194	Task	Jumpr Review	Taryn Reithofer		1	BUILD-227 — Player: Total Sign-Ups (DLRS Rollup)
WAGR-195	Task	Jumpr Review	Taryn Reithofer		1	BUILD-184 — Player: Fraud Flags Related List
WAGR-196	Task	Jumpr Review	Taryn Reithofer		1	BUILD-175 — Player: Ban Status + Banner
WAGR-197	Task	Jumpr Review	Taryn Reithofer		1	BUILD-180 — Player: Sign Ups Related List
WAGR-198	Task	Done	Kobi Kunasekaran		1	BUILD-228 — Set up External Deal ID auto-generation on Deal
WAGR-199	Task	Jumpr Review	Marc Cabantog		1	BUILD-40 — Sign-Up Completion % field
WAGR-200	Task	Jumpr Review	Taryn Reithofer		1	BUILD-139 — Partner: move Additional Information + System fields into a More Info tab
WAGR-201	Task	Jumpr Review	Taryn Reithofer		1	BUILD-138 — Partner: Agreement fields
WAGR-202	Task	Jumpr Review	Taryn Reithofer		1	BUILD-141 — Partner: assemble the Dynamic Lightning record page
WAGR-203	Task	Jumpr Review	Taryn Reithofer		1	BUILD-143 — Partner: add Primary + Billing Contact lookups and contact relationship fields to the layout
WAGR-204	Task	Jumpr Review	Taryn Reithofer		1	BUILD-137 — Partner: Billing Details fields
WAGR-205	Task	Jumpr Review	Taryn Reithofer		1	BUILD-132 — Operator + Partner: Deals related lists (two of them) — this is where Deal-as-junction shows up
WAGR-206	Task	Jumpr Review	Taryn Reithofer		1	BUILD-136 — Partner: Core Details + Partner Details section
WAGR-207	Task	Jumpr Review	Taryn Reithofer		1	BUILD-130 — Operator: conditional field visibility driven by Billing Relationship
WAGR-208	Task	Jumpr Review	Kobi Kunasekaran		1	BUILD-170 — Vertical: add Prediction Markets
WAGR-209	Task	Jumpr Review	Kobi Kunasekaran		1	BUILD-163 — Deal: Owner not required, moved to Additional Details
WAGR-210	Task	Done	Kobi Kunasekaran		1	BUILD-121 — Deal New/Edit modal layout rebuild (per 2026-08-10 screenshots)
WAGR-211	Task	Jumpr Review	Kobi Kunasekaran		1	BUILD-160 — Deal: Payout Model + conditional Rev Share
WAGR-212	Task	Jumpr Review	Kobi Kunasekaran		1	BUILD-161 — Deal: Monthly Cap (numeric, 0 = unlimited) + delete CPA Target Type / CPA Target
WAGR-213	Task	Jumpr Review	Kobi Kunasekaran		1	BUILD-159 — Deal: Redeposit settings + conditional redeposit range
WAGR-214	Task	Jumpr Review	Kobi Kunasekaran		1	BUILD-164 — Deal: remove Deal Version entirely
WAGR-215	Task	Done	Kobi Kunasekaran		1	BUILD-156 — Deal: Effective End Date — remove from list view, keep on record, stamp at close
WAGR-216	Task	Jumpr Review	Kobi Kunasekaran		1	BUILD-153 — Deal: Exclude from Partner Bonuses checkbox
WAGR-217	Task	Jumpr Review	Kobi Kunasekaran		1	BUILD-154 — Deal: Source picklist
WAGR-218	Task	Jumpr Review	Kobi Kunasekaran		1	BUILD-155 — Deal: two fields moved down from Operator — Default Redirect URL + Pitch & Positioning
WAGR-219	Story	Jumpr Review	Marc Cabantog		1	BUILD-51 — Auto-reactivate archived Sign-Ups on new click activity
WAGR-220	Story	Jumpr Review	Marc Cabantog		1	BUILD-34 — Fraud Review Status automations: record lock and Dismissed clear-down
WAGR-221	Story	Jumpr Review	Marc Cabantog		1	BUILD-49 — Deal display label formula field
WAGR-222	Task	Jumpr Review	Taryn Reithofer			Add Victor and Imdad to PartialSB
WAGR-223	Task	Jumpr Review	Kobi Kunasekaran		1	BUILD-124 — Market Country Code + Market State Code formula fields on Deal
WAGR-224	Task	Jumpr Review	Kobi Kunasekaran		1	BUILD-118 — Market display field on Deal (flag emoji + state + country)
WAGR-225	Task	Jumpr Review	Kobi Kunasekaran		1	BUILD-125 — Deal Name + Deal hyperlink: drop Partner, use market short codes (REVISES BUILD-117)
WAGR-226	Task	Jumpr Review	Kobi Kunasekaran		1	BUILD-125 — Sign Up List View Updates: Status (C) formula — remove Fraud and Overdue icons
WAGR-227	Task	Jumpr Review	Kobi Kunasekaran		1	BUILD-124 — Sign Up List View Updates: Player Display with Market Country and Fraud/Overdue icons
WAGR-228	Task	Jumpr Review	Taryn Reithofer		1	BUILD-58 — Date field renames - Sign Up Date / Registration Date
WAGR-229	Task	Jumpr Review	Taryn Reithofer		1	BUILD-126 — Operator: Core Details fields + Contact lookups
WAGR-230	Task	Jumpr Review	Taryn Reithofer		1	BUILD-129 — Operator: Billing Details field set (mirrors Partner PT-2)
WAGR-231	Task	Jumpr Review	Taryn Reithofer		1	BUILD-128 — Operator: Agreement fields (Direct-only block) — NEW, did not previously exist
WAGR-232	Task	Jumpr Review	Taryn Reithofer		1	BUILD-127 — Operator: Management Details fields
WAGR-233	Task	Jumpr Review	Taryn Reithofer		1	BUILD-131 — Operator: move Additional Information + System fields into the More Info tab
WAGR-234	Task	Jumpr Review	Taryn Reithofer		1	BUILD-142 — Operator: Sign-Ups related list, and remove the Study Link Clicks list
WAGR-235	Task	Jumpr Review	Taryn Reithofer		1	BUILD-135 — Operator: assemble the Dynamic Lightning record page
WAGR-236	Task	Jumpr Review	Taryn Reithofer		1	BUILD-134 — Operator + Partner: Files related list — must use the CLASSIC page layout
WAGR-237	Task	Jumpr Review	Taryn Reithofer		1	BUILD-146 — Operator: flow to auto-stamp Benchmark Last Reviewed when Tracking Benchmark changes
WAGR-238	Task	Done	Taryn Reithofer		1	BUILD-217 — Deal: Link Validation Logic
WAGR-239	Task	Done	Kobi Kunasekaran		1	BUILD-223 — Load client Deal + Rep Assignment data into Partial sandbox
WAGR-240	Task	Done	Kobi Kunasekaran		1	BUILD-116 — Remove standard list-view buttons across Console objects
WAGR-241	Task	Done	Kobi Kunasekaran		1	BUILD-122 — First Wager Date field on Sign Up
WAGR-242	Task	Done			1	BUILD-123 — 'Payment Sent' checkbox on Sign Up (Ops view)
WAGR-243	Task	Done			1	DECISION-06 — Is a Sign Up locked or still editable after Completion?
WAGR-244	Task	Done			1	BUILD-115 — Rep Home Page POC: action-oriented landing view (built, pending rep feedback)
WAGR-245	Task	Done			1	BUILD-107 — Airtable migration data-quality resolution (C1-C9)
WAGR-246	Bug	Done			1	BUILD-104 — Direct-deal modelling reconciliation
WAGR-247	Task	Done			1	BUILD-106 — UAT test-script refresh for the revised data model
WAGR-248	Task	Done			1	BUILD-102 — Rename https_nosoftware_nosoftware_7430_part__c → Referrer ID
WAGR-249	Task	Done			1	BUILD-105 — SECURITY: rotate exposed partial-sandbox consumer key/secret
WAGR-250	Story	Done			1	BUILD-103 — Account Default_* → Deal cascade: implement or formally defer
WAGR-251	Story	Done			1	BUILD-99 — Validation: no overlapping DRA effective-date ranges
WAGR-252	Story	Done			1	BUILD-101 — Market_State__c integrity + retire combined WT_Market values
WAGR-253	Bug	Done			1	BUILD-100 — Picklist value drift: Archive_Reason__c and Fraud_Reason__c
WAGR-254	Bug	Done			1	BUILD-96 — P0 DEFECT: Payout_Amount__c is never stamped
WAGR-255	Task	Done			1	BUILD-90 — ERD naming alignment audit + label renames
WAGR-256	Task	Done	Kobi Kunasekaran		1	BUILD-67 — CMS↔SF API requirements doc to Joyce (DUE THIS WEEK)
WAGR-257	Story	Done			1	BUILD-68 — Referral Ownership Logic (one active BA per referrer)
WAGR-258	Story	Done			1	BUILD-55 — Add Referral Notes field to Referral Information section
WAGR-259	Story	Done			1	BUILD-57 — Show Referrer Currency on rep signup layout
WAGR-260	Story	Done			1	BUILD-63 — Deal Links child object
WAGR-261	Story	Done			1	BUILD-56 — Move Secondary Referrer section below primary payout fields
WAGR-262	Story	Done			1	BUILD-65 — DRA targets & attainment fields
WAGR-263	Task	Done			1	BUILD-54 — Backfill Player Full Name search key + Deal/Partner search keys
WAGR-264	Story	Done			1	BUILD-66 — SF→CMS outbound integration: deal publish (spec first)
WAGR-265	Story	Done			1	BUILD-70 — SLC reprocess button
WAGR-266	Story	Done			1	BUILD-59 — 'Deposit amount differs' checkbox + Actual Deposit Amount field
WAGR-267	Task	Done	Kobi Kunasekaran		1	BUILD-78 — Vertical icons + vertical value-set reconciliation
WAGR-268	Task	Done			1	BUILD-75 — Org + repo hygiene pre-UAT
WAGR-269	Task	Done			1	BUILD-47 — Date-only conversion for user-inputted date fields
WAGR-270	Story	Done	Kobi Kunasekaran		1	BUILD-48 — Update Console list views for the new status model
WAGR-271	Task	Done				BUILD-50 — Reactivate Archived Sign-Up button
WAGR-272	Task	Done			1	BUILD-117 — Deal Name auto-generated format (REVISES BUILD-49)
WAGR-273	Task	Done				BUILD-52 — Archive screen flow: Archive Reason capture
WAGR-274	Task	Done				BUILD-53 — Fraud button and screen flow: rename and reason capture
WAGR-275	Task	Done				BUILD-43 — Log Sign Up / Complete screen flow field rework
WAGR-276	Story	Done			1	BUILD-46 — CMS→SF Deal Rep Assignment inbound API (requirements + field contract)
WAGR-277	Story	Done	Kobi Kunasekaran		1	BUILD-44 — Surface player origin state/province on the Sign-Up view
WAGR-278	Story	Done			1	BUILD-42 — Rep-facing field cleanup: Ops "More Info" tab
WAGR-279	Task	Done				BUILD-41 — Console search: Search Key fields and searchable-field mapping
WAGR-280	Story	Done			1	BUILD-39 — Conversion source field: manual vs automated
WAGR-281	Story	Done			1	BUILD-38 — Sign-Up Owner set to the Brand Ambassador
WAGR-282	Story	Done			2	BUILD-45 — Deal Rep Assignment: bulk assignment UI polish and status emojis
WAGR-283	Story	Done			1	BUILD-30 — Populate Agency Sign-Up Date on Player (set-once automation)
WAGR-284	Task	Done				BUILD-33 — Fraud field restructure: split reason picklists
WAGR-285	Story	Done			1	BUILD-36 — Sign-Up status dashboard and reports with rep filter
WAGR-286	Story	Done			1	BUILD-35 — Previous Status field on Sign-Up
WAGR-287	Story	Done			1	BUILD-31 — Recent Click Timestamp rollup from latest Study Link Click
WAGR-288	Task	Done			1	BUILD-26 — Rep demo profile and permission set group configuration
WAGR-289	Task	Done				BUILD-32 — Referral payout amount automation and payout matrix
WAGR-290	Task	Done				BUILD-28 — Spike: combined Operator logo and name display
WAGR-291	Task	Done				BUILD-29 — Spike: custom Lightning page template for the Rep Sign-Up view
WAGR-292	Task	Done				BUILD-27 — Button styling feasibility: Flag red, Complete green
WAGR-293	Task	Done	Kobi Kunasekaran		1	DECISION-04 — Auto-advance to Completed at 100% vs explicit Complete action
WAGR-294	Task	Done	Kobi Kunasekaran		1	DECISION-05 — Payout Code field: remove or keep?
WAGR-295	Task	Done	Kobi Kunasekaran		1	DECISION-02 — Define Business Rule: Fraud Flag Impact on Player Status
WAGR-296	Task	Done	Kobi Kunasekaran		1	DECISION-01 — Confirm Sign-Up Intake Integration Supports Rep Assignment Resolution
WAGR-297	Task	Done				Setup User Account for Taryn on PartialSB with Rep Access
WAGR-298	Epic	Done			1	Solution Design & Data Architecture
WAGR-299	Task	Done			1	Milestone: Solution Design Sign-off
WAGR-300	Epic	Done			1	Epic B — Core Reference Data (Operators, Partners, Markets/Verticals)
WAGR-301	Story	Done		WAGR-300 Epic B — Core Reference Data (Operators, Partners, 	1	POC-04 — Create Partner Account record type and fields
WAGR-302	Story	Done		WAGR-300 Epic B — Core Reference Data (Operators, Partners, 	1	POC-05 — Create WT_Market and WT_Vertical global value sets
WAGR-303	Story	Done		WAGR-300 Epic B — Core Reference Data (Operators, Partners, 	1	POC-03 — Create Operator Account record type and fields
WAGR-304	Epic	Done			1	Fraud Flags & Exception Handling
WAGR-305	Epic	In Progress			1	Sign-Up Logging Experience (UX)
WAGR-306	Story	Done		WAGR-305 Sign-Up Logging Experience (UX)	1	POC-13 — Build Complete Sign-Up screen flow
WAGR-307	Story	Done		WAGR-305 Sign-Up Logging Experience (UX)	1	POC-14 — Create WagerTech Console app, list views, and layouts
WAGR-308	Task	Done	Kobi Kunasekaran		1	POC-16 — Prepare Wednesday demo script and scope slides
WAGR-309	Task	Done			1	POC-22 — Add Notes & Attachments Related List to Sign-Up Page
WAGR-310	Task	Done			1	POC-23 — Spike: Console Navigation Strategy per Person Account Record Type
WAGR-311	Task	Done			1	POC-24 — Re-test Queued Sample Records Post Bug-Fix
WAGR-312	Task	Done			1	Milestone: Discovery Complete
WAGR-313	Task	Done				Prod Clean up - Destructive Deployment
WAGR-314	Task	Done				Create Partial SB
WAGR-315	Task	Done			1	Sandbox Setup
WAGR-316	Task	Done	Kobi Kunasekaran		1	Schedule Weekly Sync
WAGR-317	Task	Done	Kobi Kunasekaran		1	Discovery: Sign up API / Agency Websites/ Signup Endpoints
WAGR-318	Task	Done	Kobi Kunasekaran		1	Discovery: Salesforce Build walkthrough + Signup UI Mockup Walkthrough
WAGR-319	Task	Done	Kobi Kunasekaran		1	Discovery: ERD and Data Requirements
WAGR-320	Task	Done	Kobi Kunasekaran		1	Discovery: Deep dive with Ali on Operator/Partner Configuration in Airtable, Operator Reports vs Signup Reconciliation,
WAGR-321	Task	Done				SPIKE — Evaluate storage options for proof-of-deposit media (images/videos)
WAGR-322	Task	Done	Kobi Kunasekaran		1	Draft & Share Discovery Plan
WAGR-323	Task	Done	Kobi Kunasekaran		1	Invite Team to Asana
WAGR-324	Task	Done	Kobi Kunasekaran		1	Slack Channel Configuration
WAGR-325	Task	Done			1	Salesforce Access
WAGR-326	Task	Done			1	Discovery Session #1
WAGR-327	Task	Done	Kobi Kunasekaran		1	Project Kickoff
WAGR-328	Task	Done	Kobi Kunasekaran		1	Schedule First Discovery Session
WAGR-329	Task	Done	Kobi Kunasekaran		1	Schedule Kick off Meeting
WAGR-330	Story	Done			1	BUILD-09 — Build Deal-Rep Assignment Bulk Assign/Unassign UI
WAGR-331	Bug	Done			1	POC-17 — Fix POC SLC After-Save Flow: Related_Deal__c Mis-mapping
WAGR-332	Task	Done				POC Demo Updates & UI Cleanup
WAGR-333	Task	Done			1	POC-18 — Add Notes Field to All POC Objects
WAGR-334	Task	Done			1	POC-20 — Move Signup Related List to Player Details Tab
WAGR-335	Task	Done			1	POC-21 — Build List Views for Signup and Player Flag Segmentation
WAGR-336	Task	Done			1	POC-19 — Add Status Path Components to Signup and Player Records
WAGR-337	Task	Done				BUILD-16 — Time Since Created formula field on Sign-Up
WAGR-338	Task	Done				BUILD-17 — Console list views and standard column set for Sign-Up
WAGR-339	Task	Done				BUILD-14 — Secondary Referrer lookup on Sign-Up
WAGR-340	Task	Done				BUILD-13 — Recent Click Timestamp field on Sign-Up
WAGR-341	Task	Done				BUILD-12 — Agency Sign-Up Date field on Player
WAGR-342	Task	Done				BUILD-15 — Payout Amount field on Sign-Up
WAGR-343	Task	Done				BUILD-11 — Sign-Up action buttons and screen flows: Log/Complete, Archive, Flag
WAGR-344	Task	Done				BUILD-10 — Sign-Up Status model v1: [New, In Progress, Completed, Archived, Flagged]
WAGR-345	Task	Done				BUILD-24 — Remove standard Edit button from Rep-facing Sign-Up view
WAGR-346	Task	Done				BUILD-23 — Reorder Sign-Up layout: Proof Info before Referral Info
WAGR-347	Task	Done				BUILD-19 — Rep-facing Sign-Up record page restructure
WAGR-348	Task	Done				BUILD-21 — Hide Partner from all Rep-facing views
WAGR-349	Task	Done				BUILD-22 — Status and country flag emojis
WAGR-350	Task	Done				BUILD-25 — Log Sign Up click transitions New to In Progress
WAGR-351	Task	Done				BUILD-18 — Status model v2: remove Flagged, track fraud separately (CHANGE REQUEST)
WAGR-352	Task	Done				BUILD-20 — Sign-Up highlights panel redesign
WAGR-353	Task	Jumpr Review	Taryn Reithofer		1	BUILD-189 — Referrer: Restriction Detail Fields
WAGR-354	Story	Open			2	BUILD-71 — Copy-to-clipboard component (Name, E-Transfer Email)
WAGR-355	Story	Requirements			1	BUILD-60 — Country flag next to player name in signup list view
WAGR-356	Story	Requirements			1	BUILD-62 — List view emoji cleanup: fraud flag position (+ pending client format decision)
WAGR-357	Bug	Open			1	BUILD-61 — Fix Manage DRA flow: preserve Effective From on end-date
WAGR-358	Task	Open			2	BUILD-92 — Deal caps/pacing/forecasting model — Phase 2 scoping (parked)
WAGR-359	Story	Open			2	BUILD-91 — Secondary-referrer count rollup + future payout automation (Phase 2 candidate)
WAGR-360	Story	Open			2	BUILD-109 — Drive Labels (optional, ~3h + admin session)
WAGR-361	Story	Open			2	BUILD-108 — Generic integration error log (optional, ~12-20h)
WAGR-362	Story	Open			2	BUILD-110 — Dropbox migration & decommission scoping
WAGR-363	Task	Done	Kobi Kunasekaran		1	BUILD-133 — Operator: surface Partner info derived from Deals — TABLED
WAGR-364	Task	Jumpr Review	Taryn Reithofer		1	Partner: Operator Relationships Related List
WAGR-365	Task	Open			1	BUILD-168 — Investigate a full-width field component for Billing Notes
WAGR-366	Task	Open			2	BUILD-171 — PHASE 2 — Suspend Operator / Suspend Partner (fields + cascade + permissions)
WAGR-367	Task	Open			1	BUILD-162 — Move bonus fields from Deal to Partner — HOLD until the bonus model lands
WAGR-368	Task	Cancelled		WAGR-443 Out Of Scope (Holding Pen 🐖)		OOS: Regulatory / AML / KYC / gaming compliance beyond standard config
WAGR-369	Task	Cancelled		WAGR-443 Out Of Scope (Holding Pen 🐖)		OOS: Operator data & LTV reconciliation
WAGR-370	Task	Cancelled		WAGR-443 Out Of Scope (Holding Pen 🐖)		OOS: Historical data migration beyond agreed sign-up + reference data
WAGR-371	Task	Cancelled		WAGR-443 Out Of Scope (Holding Pen 🐖)		OOS: Per-rep deal caps (Deal-Rep Assignment moved INTO Phase 1 — see POC-07)
WAGR-372	Task	Cancelled		WAGR-443 Out Of Scope (Holding Pen 🐖)		OOS: Platform-license migration / refactor
WAGR-373	Task	Cancelled		WAGR-443 Out Of Scope (Holding Pen 🐖)		OOS: Affiliate-link generation & subscription workflows (incl. TechTakes/Tactics)
WAGR-374	Task	Cancelled		WAGR-443 Out Of Scope (Holding Pen 🐖)		OOS: Bank-transfer tracking
WAGR-375	Task	Cancelled		WAGR-443 Out Of Scope (Holding Pen 🐖)		OOS: WhatsApp integration & AI / screenshot intake
WAGR-376	Task	Cancelled		WAGR-443 Out Of Scope (Holding Pen 🐖)		OOS: Bank / payment-processor integration
WAGR-377	Task	Cancelled		WAGR-443 Out Of Scope (Holding Pen 🐖)		OOS: Referral payouts, batching & payout lines
WAGR-378	Task	Cancelled		WAGR-443 Out Of Scope (Holding Pen 🐖)		OOS: Unified payout dashboard
WAGR-379	Task	Cancelled		WAGR-443 Out Of Scope (Holding Pen 🐖)		OOS: Custom dashboards & components beyond native + approved LWCs
WAGR-380	Task	Cancelled		WAGR-443 Out Of Scope (Holding Pen 🐖)		OOS: Salesforce license fees
WAGR-381	Task	Cancelled		WAGR-443 Out Of Scope (Holding Pen 🐖)		OOS: Redeposit streams & rep queue
WAGR-382	Epic	Open				Operator and Partner relationships, and direct billing
WAGR-383	Task	Done		WAGR-382 Operator and Partner relationships, and direct bill		Confirm whether an Operator can hold more than one set of direct billing terms
WAGR-384	Story	Jumpr Review	Cedrick Infantado	WAGR-382 Operator and Partner relationships, and direct bill		Operator–Partner Relationship records created and deactivated from Deals
WAGR-385	Story	Jumpr Review	Cedrick Infantado	WAGR-382 Operator and Partner relationships, and direct bill		Update Billing details to Direct Billing Details
WAGR-386	Task	Cancelled	Cedrick Infantado	WAGR-382 Operator and Partner relationships, and direct bill		Move Operator billing values onto Direct relationship rows and retire the Operator billing section
WAGR-387	Story	Cancelled		WAGR-382 Operator and Partner relationships, and direct bill		Show direct billing on the Operator record without leaving it
WAGR-388	Task	Jumpr Review	Taryn Reithofer	WAGR-382 Operator and Partner relationships, and direct bill		Rebuild the associated partner and operator counts from relationship records
WAGR-389	Task	Solution Review	Taryn Reithofer			Add help text to the Associated Partners and Associated Sources rollup fields
WAGR-390	Task	Open	Kobi Kunasekaran			BA: Define Manual BA Creation Process (CMS External ID Reference)
WAGR-391	Story	Requirements	Kobi Kunasekaran			Brand Manager: Determine Object Model, Record Creation, and Sharing Controls
WAGR-392	Task	Ready		WAGR-449 Access and Permissions		Brand Manager: Confirm Visibility to Deal and Deal Rep Assignment Records
WAGR-393	Task	Open	Taryn Reithofer	WAGR-479 Go Live Tasks		BA: Provision WagerTech Email Addresses for Salesforce Login
WAGR-395	Task	Jumpr Review	Taryn Reithofer			BA: Set Primary/Secondary Market Picklist Values (Ontario, Alberta, USA)
WAGR-396	Task	Jumpr Review	Taryn Reithofer			BA: Move Activity Feed to Bottom of Page Layout
WAGR-397	Story	Open	Kobi Kunasekaran			Player: Confirm and Build BA/Referrer Defaulting on First Completed Sign-Up
WAGR-398	Task	Jumpr Review	Taryn Reithofer			Player: Reconcile Registration Date into Agency Sign-Up Date and Reposition Attribution Layout
WAGR-399	Task	Jumpr Review	Taryn Reithofer			Player: Move Related Referrer Record to Player Information Section
WAGR-400	Task	Jumpr Review	Taryn Reithofer			Player: Add BA Profile Link When Player Is Also a Brand Ambassador
WAGR-401	Task	Jumpr Review	Taryn Reithofer			Player: Restrict Survey Completed Date to Ops-Only Edit Access
WAGR-402	Task	Open	Kobi Kunasekaran			Player: Confirm Reactivation Trigger Is Completed Sign-Up, Not Raw SLC
WAGR-403	Story	Cancelled	Taryn Reithofer			Player: Surface Fraud Flag and Blank Primary Email Banner
WAGR-404	Task	Jumpr Review	Taryn Reithofer			Player: Default Signup Currency Automation by Player Country
WAGR-405	Spike	Open	Kobi Kunasekaran			Player: Scope Manual Player Creation for VIP Flow
WAGR-406	Task	Jumpr Review	Taryn Reithofer			Player: Remove Recent Click Timestamp, Surface Sign Up Date and First Wager Date
WAGR-407	Task	Jumpr Review	Taryn Reithofer			Player: Decide Fraud Flag Presentation — Related List vs. Signup List Flag
WAGR-408	Task	Done	Taryn Reithofer	WAGR-478 Phase 2 Stories		Operator: Add Supported Markets picklist field
WAGR-409	Task	Jumpr Review	Taryn Reithofer			Deactivate SaaScend integration user flagged by Salesforce security notification
WAGR-410	Task	Jumpr Review	Taryn Reithofer			Player: Add Fraud columns to Sign-Ups related list
WAGR-411	Story	Jumpr Review	Cedrick Infantado	WAGR-382 Operator and Partner relationships, and direct bill		Operator: Partner Relationships Related List
WAGR-412	Task	Open	Kobi Kunasekaran			Brand Ambassador: Surface Link in Related List Table View
WAGR-413	Task	Jumpr Review	Cedrick Infantado			Player: Investigate All Players Defaulting to CAD Signup Currency
WAGR-414	Task	In Progress	Taryn Reithofer			WAGR ticket: Phase 1 Epic & review-queue cleanup
WAGR-415	Bug	Open	Kobi Kunasekaran			Player Country/State missing on majority of SLC entries — driving unwanted CAD currency fallback
WAGR-416	Task	Done	Kobi Kunasekaran			Support: Emily login help — admin stuck in identity verification loop when generating temporary verification code
WAGR-417	Task	Done	Taryn Reithofer			Support: Emily — how to add an Operator logo in Salesforce
WAGR-418	Bug	Jumpr Review	Cedrick Infantado			Support: Error when creating a new Referrer from Log New Signup ("+ Add New") even with required input provided
WAGR-419	Bug	Open	Kobi Kunasekaran			Investigate SLC for potential mismatched Deal
WAGR-420	Epic	Open				VIP Sign Up &amp; Player Workflow
WAGR-421	Story	In Progress	Taryn Reithofer	WAGR-305 Sign-Up Logging Experience (UX)		Sign-Up: Show attribution details in header for all statuses
WAGR-422	Story	Requirements	Taryn Reithofer	WAGR-305 Sign-Up Logging Experience (UX)		Sign-Up: Reorganize header — Proof/Completion right, Partner short code, Deal Info section
WAGR-423	Story	Requirements	Taryn Reithofer	WAGR-305 Sign-Up Logging Experience (UX)		Sign-Up: Default "All Active" list view + list sort/column fixes
WAGR-424	Story	Open		WAGR-305 Sign-Up Logging Experience (UX)		Sign-Up: Rework table view columns to match legacy spreadsheet
WAGR-425	Story	Jumpr Review	Cedrick Infantado	WAGR-305 Sign-Up Logging Experience (UX)		Sign-Up: Date field validation + remove auto-populated Signup Date
WAGR-426	Story	Jumpr Review	Cedrick Infantado	WAGR-305 Sign-Up Logging Experience (UX)		Sign-Up: Fix field layout (Deposit Amount/Wager Date/URL) + add Notes field
WAGR-427	Story	Jumpr Review	Cedrick Infantado	WAGR-27 Epic D — Players & Referrers (Person Accounts)		Referrer: Streamline new referrer creation flow
WAGR-428	Story	Open		WAGR-27 Epic D — Players & Referrers (Person Accounts)		Referrer: Fix auto-population when selecting an existing referrer
WAGR-429	Story	Open		WAGR-304 Fraud Flags & Exception Handling		Sign-Up: Add fraud un-flag control to Ops view
WAGR-430	Story	In Progress	Taryn Reithofer	WAGR-478 Phase 2 Stories		Sign-Up: Hide Kanban
WAGR-431	Story	Open		WAGR-420 VIP Sign Up &amp; Player Workflow		Player: Add manual Sign-Up creation button for Ops (VIP)
WAGR-432	Story	Open		WAGR-420 VIP Sign Up &amp; Player Workflow		Sign-Up: VIP manual entry flow, field set, status, and Deal relation (VIP)
WAGR-433	Story	Open		WAGR-420 VIP Sign Up &amp; Player Workflow		Player &amp; Sign-Up: VIP flag + visual indicator (VIP)
WAGR-434	Story	Open		WAGR-420 VIP Sign Up &amp; Player Workflow		Referrer: Add VIP toggle (VIP)
WAGR-435	Story	Open		WAGR-420 VIP Sign Up &amp; Player Workflow		Affiliate Link: Add VIP flag + exclude from CMS feed (VIP)
WAGR-436	Story	Requirements	Taryn Reithofer	WAGR-305 Sign-Up Logging Experience (UX)		Sign-Up: Quick-action button to open/log a sign-up from table view
WAGR-437	Bug	Cancelled	Taryn Reithofer	WAGR-27 Epic D — Players & Referrers (Person Accounts)		Referrer: "Referrer status is required" error on new Referrer Account despite status being set
WAGR-438	Story	Open	Taryn Reithofer	WAGR-479 Go Live Tasks		Sign-Up: Keep Partner and Operator read-only/non-clickable for reps
WAGR-439	Story	Open	Taryn Reithofer	WAGR-27 Epic D — Players & Referrers (Person Accounts)		Clarify: How Player and Referrer records are connected in the data
WAGR-440	Story	Open		WAGR-27 Epic D — Players & Referrers (Person Accounts)		Clarify: Process for creating a referrer who isn't an existing player (Ops vs. BA)
WAGR-441	Story	In Progress	Kobi Kunasekaran			Player: Capture Survey 2 completion from CMS alongside Survey 1
WAGR-443	Epic	Open				Out Of Scope (Holding Pen 🐖)
WAGR-444	Epic	Requirements				CMS → SF Integration: Deal Rep Assignments (later phase)
WAGR-445	Task	Requirements		WAGR-39 SF → CMS Integration: Deals & Affiliate Links (v2 we		CMS Sync — Secure and rotate CMS webhook and database credentials
WAGR-446	Task	Jumpr Review	Cedrick Infantado	WAGR-39 SF → CMS Integration: Deals & Affiliate Links (v2 we		CMS Sync — Configure the webhook connection, integration user and settings
WAGR-447	Story	Requirements		WAGR-39 SF → CMS Integration: Deals & Affiliate Links (v2 we		Deal — Archive & Replace: Archived status, makeup release and successor relationship
WAGR-448	Story	Jumpr Review	Cedrick Infantado	WAGR-39 SF → CMS Integration: Deals & Affiliate Links (v2 we		Deal — Reserve makeup until Archived; retain automatic External Deal ID collision suffixing
WAGR-449	Epic	Open				Access and Permissions
WAGR-450	Story	In Progress	Cedrick Infantado	WAGR-39 SF → CMS Integration: Deals & Affiliate Links (v2 we		Deal — Activation readiness, First Activated Date and exceptional override
WAGR-451	Story	Requirements		WAGR-39 SF → CMS Integration: Deals & Affiliate Links (v2 we		CMS Sync — Deal sync state, manual/bulk retry and CMS Sync diagnostics UI
WAGR-452	Task	Cancelled		WAGR-39 SF → CMS Integration: Deals & Affiliate Links (v2 we		CMS Sync — Integration log (per call) — optional
WAGR-453	Story	Requirements	Cedrick Infantado	WAGR-39 SF → CMS Integration: Deals & Affiliate Links (v2 we		Deal — Lock identity after first activation and protect activated Deals from deletion
WAGR-454	Story	Requirements		WAGR-39 SF → CMS Integration: Deals & Affiliate Links (v2 we		CMS Sync — Queueable Apex Deal sync service: v2 payload, batching and responses
WAGR-455	Story	Requirements		WAGR-39 SF → CMS Integration: Deals & Affiliate Links (v2 we		CMS Sync — Queue automatically on activation and post-activation Deal/Account changes
WAGR-456	Story	Requirements		WAGR-39 SF → CMS Integration: Deals & Affiliate Links (v2 we		CMS Sync — Include CMS-eligible Affiliate Links in Deal payload
WAGR-457	Story	Requirements		WAGR-39 SF → CMS Integration: Deals & Affiliate Links (v2 we		CMS Sync — Monitoring, reports and diagnostic failure alerts
WAGR-458	Task	Requirements		WAGR-39 SF → CMS Integration: Deals & Affiliate Links (v2 we		CMS Sync — Staging verification: Deals, lifecycle and integration engine
WAGR-459	Task	Requirements		WAGR-39 SF → CMS Integration: Deals & Affiliate Links (v2 we		CMS Sync — Staging verification: Affiliate Links and Link lifecycle
WAGR-460	Task	Requirements		WAGR-39 SF → CMS Integration: Deals & Affiliate Links (v2 we		CMS Sync — Production cutover
WAGR-461	Story	Open	Kobi Kunasekaran			Commercial Terms: Support a Tiered CPA payout model
WAGR-462	Task	Requirements	Kobi Kunasekaran	WAGR-11 Epic C — Deals & Rep Assignment		Commercial Terms — design and user stories
WAGR-463	Task	Requirements	Kobi Kunasekaran	WAGR-39 SF → CMS Integration: Deals & Affiliate Links (v2 we		Deal lifecycle/CMS — close remaining design and contract follow-ups
WAGR-464	Task	Requirements	Kobi Kunasekaran			Redeposits workflow — design and user stories
WAGR-465	Task	Requirements	Kobi Kunasekaran			Referral payouts — design and user stories
WAGR-466	Task	Open	Kobi Kunasekaran			Write-offs and clawbacks for paid Sign-Ups — design
WAGR-467	Task	Open	Kobi Kunasekaran	WAGR-24 Reporting & Dashboards		BA commission data export for WagerTech's commission tool — requirements
WAGR-468	Task	Open	Kobi Kunasekaran	WAGR-24 Reporting & Dashboards		Financial reporting requirements — discovery session and capture
WAGR-469	Task	Open	Kobi Kunasekaran	WAGR-27 Epic D — Players & Referrers (Person Accounts)		Move Players to a new BA when a BA leaves — design
WAGR-470	Task	Open	Kobi Kunasekaran	WAGR-19 Data Migration		Historical data migration scope — decision
WAGR-471	Task	Open	Kobi Kunasekaran	WAGR-11 Epic C — Deals & Rep Assignment		Deal Name convention for multi-state and multi-region Deals — decision
WAGR-472	Spike	Open	Kobi Kunasekaran	WAGR-3 Epic E — Study Link Click & Sign-Up Intake		Study Link Click intake reconciliation — lost clicks and error cases
WAGR-473	Task	Open	Kobi Kunasekaran	WAGR-3 Epic E — Study Link Click & Sign-Up Intake		Repeat-click rule: when a new click joins an existing Sign-Up — confirm
WAGR-474	Task	Open	Kobi Kunasekaran	WAGR-305 Sign-Up Logging Experience (UX)		Sign-Up July loose ends: welcome email trigger and Complete gating — confirm
WAGR-475	Internal	Open	Kobi Kunasekaran			Nov 1 scope freeze and timeline re-plan
WAGR-476	Task	In Progress	Cedrick Infantado			CMS Deal Sync – Test Deal payload and confirm Postgres connection and data access
WAGR-477	Task	Open	Kobi Kunasekaran	WAGR-19 Data Migration		Build data import templates — Sign Up, Referral, Secondary Referral, Player
WAGR-478	Epic	Open				Phase 2 Stories
WAGR-479	Epic	Open				Go Live Tasks
WAGR-480	Story	Open	Taryn Reithofer	WAGR-305 Sign-Up Logging Experience (UX)		Deals: Update Recently Viewed columns to match the All list view
WAGR-481	Story	Open	Taryn Reithofer	WAGR-305 Sign-Up Logging Experience (UX)		Deal Rep Assignments: Update Recently Viewed columns to match the All list view
WAGR-482	Story	Open	Taryn Reithofer	WAGR-305 Sign-Up Logging Experience (UX)		Deal Rep Assignments: Additional list views for reps (placeholder)
WAGR-483	Story	Open	Taryn Reithofer	WAGR-305 Sign-Up Logging Experience (UX)		Accounts: Update Recently Viewed columns so record types are distinguishable
WAGR-484	Story	Open	Taryn Reithofer	WAGR-305 Sign-Up Logging Experience (UX)		Accounts: Clean up or rebuild flagged (fraud) list views (placeholder)
WAGR-485	Story	Requirements	Cedrick Infantado	WAGR-39 SF → CMS Integration: Deals & Affiliate Links (v2 we		Deal — Lifecycle status controls and controlled actions
WAGR-486	Story	Requirements	Cedrick Infantado	WAGR-39 SF → CMS Integration: Deals & Affiliate Links (v2 we		Deal — Lifecycle status tracking, Date fields and Effective End Date
WAGR-487	Story	Requirements		WAGR-39 SF → CMS Integration: Deals & Affiliate Links (v2 we		Deal — Formula-qualified scheduled Active → Inactive at 90 days
WAGR-488	Story	Requirements		WAGR-39 SF → CMS Integration: Deals & Affiliate Links (v2 we		Deal — Report Sign-Ups/click activity against non-live Deal states
WAGR-489	Story	Requirements		WAGR-39 SF → CMS Integration: Deals & Affiliate Links (v2 we		Account — Protect Operator/Partner integration identity fields after Deal activation
WAGR-490	Story	Requirements		WAGR-39 SF → CMS Integration: Deals & Affiliate Links (v2 we		Affiliate Link — Stable Link External ID
WAGR-491	Story	Requirements		WAGR-39 SF → CMS Integration: Deals & Affiliate Links (v2 we		Affiliate Link — Exclude from CMS, publication markers and safe deletion
WAGR-492	Task	Cancelled		WAGR-39 SF → CMS Integration: Deals & Affiliate Links (v2 we		Deal — Review Required status discovery [Cancelled — status removed]
WAGR-493	Task	Requirements		WAGR-39 SF → CMS Integration: Deals & Affiliate Links (v2 we		CMS Sync — configuration and permission follow-up
WAGR-494	Task	Open		WAGR-449 Access and Permissions		Sign-Up access cleanup — remove normal-user delete access and protect direct UI editing
WAGR-495	Task	Open		WAGR-449 Access and Permissions		Consolidate WagerTech access requirements and produce persona access matrix
WAGR-496	Task	Open		WAGR-449 Access and Permissions		Implement approved WagerTech access matrix in metadata and validate in PartialSB
WAGR-497	Story	Requirements		WAGR-39 SF → CMS Integration: Deals & Affiliate Links (v2 we		Deal — Roll up Last Sign-Up First Click Date
WAGR-498	Story	Requirements		WAGR-39 SF → CMS Integration: Deals & Affiliate Links (v2 we		Sign-Up — Stamp First Click Date and reactivate Inactive Deal from qualifying activity
WAGR-499	Story	Requirements		WAGR-39 SF → CMS Integration: Deals & Affiliate Links (v2 we		Affiliate Link — Harden Link Code and Tracking URL storage for CMS
WAGR-500	Task	In Progress	Cedrick Infantado			Review Deal and CMS Integration User Stories 
WAGR-501	Story	In Progress	Taryn Reithofer	WAGR-305 Sign-Up Logging Experience (UX)		Sign-Up: Show Brand Ambassador more prominently in the Ops list view
WAGR-502	Task	Done	Taryn Reithofer			Support: Emily — view Salesforce as a Brand Ambassador (Andy)
WAGR-503	Task	Done	Taryn Reithofer			Support: Emily — filter Sign-Ups by Brand Ambassador in split view
WAGR-504	Story	Requirements	Taryn Reithofer	WAGR-305 Sign-Up Logging Experience (UX)		Global Search: Show Sign-Up details and Account type in top-level search results
WAGR-505	Task	Done	Taryn Reithofer	WAGR-449 Access and Permissions		Reps: Audit "Flow User" checkbox and record type access for all Rep users
WAGR-506	Task	Jumpr Review	Cedrick Infantado	WAGR-39 SF → CMS Integration: Deals & Affiliate Links (v2 we		Deal — Final Deal Status value set (Draft, Active, Paused, Inactive, Closed, Archived)
WAGR-507	Task	Open	Cedrick Infantado	WAGR-39 SF → CMS Integration: Deals & Affiliate Links (v2 we		Deal — Guided New Deal creation flow (Draft + optional Commercial Terms handoff)
WAGR-508	Task	Open		WAGR-39 SF → CMS Integration: Deals & Affiliate Links (v2 we		Deal — Closed lifecycle behavior, locking and controlled reactivation
WAGR-509	Task	Open		WAGR-39 SF → CMS Integration: Deals & Affiliate Links (v2 we		Affiliate Link — Evaluate and design Archived status / historical payload treatment
WAGR-510	Story	Open				Phase 2: Custom list view with row-level action buttons for Sign-Ups (scope and prioritize)
